Crash Id,Calendar Year,FDOT Crash Number,Reporting Agency Case Number,Reporting Agency Type,FDOT Managing District,County Name,Crash Date,Crash Time,Day,DHSMV City,Crash Report City Code,In Town,On Roadway Name,Int Roadway Name,Reference Distance (Miles),Reference Direction,Officer Latitude,Officer Longitude,FDOT Latitude,FDOT Longitude,FDOT Roadway,Nearest Inventory MP,Nearest Node From Crash,State Road #,US Highway,Crash Side of Road,Accident Lane Number,Travel Direction Vehicle 1,FDOT Road Category,DHSMV Road System Id,Relation to Junction,Crash Harmful Event Location,Intersection Type,Shoulder Type,FDOT Roadway SKID Test Result,FDOT Roadway SKID Test Date,Functional Class,RCI Surface Width,RCI Shoulder Type First,RCI Shoulder Width First,RCI Shoulder Type Second,RCI Shoulder Width Second,RCI Shoulder Type Third,RCI Shoulder Width Third,RCI Median Width,Avg Daily Traffic,AADT Source,RCI Avg Per Truck Traffic,RCI Horiz Curve Condition,Posted Speed Limit,Highest Injury in Crash,CAR Status Code,Alcohols/Drug Involved,Site Location,Lighting,Weather,Road Surface,Roadway Grade,Roadway Alignment,Traffic Way Vehicle 1,Traffic Way Vehicle 2,Traffic Control Vehicle 1,Traffic Control Vehicle 2,Count of Lanes,Road Condition 1,Road Condition 2,Road Condition 3,Environment Condition 1,Environment Condition 2,Environment Condition 3,Crash Harmful Event,Manner of Collision,Vehicle Movement,Driver Action Vehicle 1,Driver Action Vehicle 2,Location Within Workzone,Type of Workzone,Workers Present in Workzone,Law Enforcement Present in Workzone,School Bus Related,Count of Nonfatal Injuries,Count of Traffic Fatalities,Count of Serious Injuries,Count of Pedestrians,Count of Drivers,Count of Bicyclists,Count of Vehicles,Count of Persons,Wrong Way,Workzone Inv,Commercial Vehicle Inv,Intersection Inv,Lane Departure,Speeding,Agressive Driving,Impaired Driver,Impaired Pedestrian,Impaired Bicyclist,Distracted Driver,Speeding or Aggressive Driving,Pedestrian Related,Bicyclist Related,Pedestrian or Bicyclist Related,Motorcycle Inv,No Belt,No Belt - Ages 1-4,No Belt - Ages 5-12,No Belt - Ages 13-17,Driver - Ages Teen,Driver - Ages 65 plus,Driver - Ages 65-69,Driver - Ages 70-74,Driver - Ages 75-79,Driver - Ages 80 plus,ARBM Latitude,ARBM Longitude,UTM Zone 17N X,UTM Zone 17N Y,ARBM Side of Road,Urban Rural Indicator,GIS Street Source,Extract Date,OBJECTID,x,y
2021895686310,2021,895686310,FHP21ON0004536,FLORIDA HIGHWAY PATROL,05 FIFTH,ORANGE,"November 18, 2021",2200,FRIDAY,7546 ORLANDO,0746,N,SR 535,INTERNATIONAL DR S,0,,28.35445,-81.4947599,28.3544558,-81.4945989,75035001,0.642,03482,SR 535,,L LEFT,3 THRU LANE 3,N NORTH,23 SUBURBAN 4-5LN 2WY DIVD RASD,03 STATE,02 INTERSECTION,01 ON ROADWAY,03 T-INTERSECTION,03 CURB,35,"September 10, 2019",16 URBAN MINOR ART,24,PAVED,5,LAWN,12,,0,65,35500,RCI,10.2,1D00,50,4 INCAPACITATING INJURY,31 Q/C COMPLETED - LOC VERIFIED,0 NO,02 AT INTERSECTION,04 DARK-LIGHTED,03 RAIN,02 WET,01 LEVEL,1 STRAIGHT,"TWO-WAY, DIVIDED, POSITIVE MED","TWO-WAY, DIVIDED, POSITIVE MED",TRAFFIC CONTROL SIGNAL,TRAFFIC CONTROL SIGNAL,4,NONE,NOT CODED,NOT CODED,NONE,NOT CODED,NOT CODED,14 MOTOR VEHICLE IN TRANSPORT,03 ANGLE,03 TURNING LEFT,FAILED TO YIELD RIGHT-OF-WAY,NO CONTRIBUTING ACTION,00 NOT CODED,00 NOT CODED,00 NOT CODED,00 NOT CODED,01 NO,5,0,5,0,2,0,2,5,N,N,N,Y,N,N,N,N,N,N,N,N,N,N,N,N,N,N,N,N,N,N,N,N,N,N,28.354408797,-81.494720957,451517.528182,3136562.472418,L,,ARBM15Q1R2,"January 7, 2023",2866067,-9071951.188357309,3293731.2277237396
2021895686350,2021,895686350,FHP21ON0006269,FLORIDA HIGHWAY PATROL,05 FIFTH,ORANGE,"November 20, 2021",2145,SUNDAY,7546 ORLANDO,0746,N,US 441,TOWN CENTER BLVD,0.5,S,28.3676999,-81.4043599,28.3605216,-81.4044611,75010000,0.869,02471,SR 500,US 17,M MEDIAN,M MIDDLE,N NORTH,30 URBAN 6+LN 2WY DIVD RASD,02 U.S.,01 NON-JUNCTION,02 OFF ROADWAY,01 NOT AT INTERSECTION,03 CURB,37,"March 1, 2020",14 URBAN PRIN ART OTHER,35,PAVED,4,CURB&GUTTER,2,,0,21,35500,RCI,3.4,,50,4 INCAPACITATING INJURY,31 Q/C COMPLETED - LOC VERIFIED,0 NO,01 NOT AT INTERSECTION/RRX/BRIDGE,04 DARK-LIGHTED,01 CLEAR,01 DRY,01 LEVEL,1 STRAIGHT,"TWO-WAY, DIVIDED, POSITIVE MED",,NO CONTROLS,NOT CODED,6,NONE,NOT CODED,NOT CODED,NONE,NOT CODED,NOT CODED,01 OVERTURN/ROLLOVER,77 OTHER (SEE NARRATIVE),01 STRAIGHT AHEAD,OPERATED MV IN CARLESS OR NEGL,NOT CODED,00 NOT CODED,00 NOT CODED,00 NOT CODED,00 NOT CODED,01 NO,1,0,1,0,1,0,1,1,N,N,N,N,Y,N,N,N,N,N,N,N,N,N,N,Y,N,N,N,N,N,N,N,N,N,N,28.360533438,-81.40436689,460374.558345,3137207.979204,R,,ARBM15Q1R2,"January 7, 2023",2866068,-9061893.016796514,3294505.9906033007
2021895632230,2021,895632230,FHP21ON0014583,FLORIDA HIGHWAY PATROL,08 TURNPIKE,ORANGE,"November 30, 2021",0720,WEDNESDAY,7546 ORLANDO,0746,N,SR 91,MILE MARKER #267,0,,28.5468292,-81.5459753,28.5438086,-81.537801,75470000,17.507,08845,SR 91,,M MEDIAN,M MIDDLE,N NORTH,03 TOLL ROAD URBAN,03 STATE,01 NON-JUNCTION,03 SHOULDER,01 NOT AT INTERSECTION,01 PAVED,37,"July 28, 2021",12 URBAN PRIN ART EXPR.,72,PAVED WARN,12,LAWN,0,,0,26,137800,RCI,20.7,1D1400,70,1 NO INJURY,31 Q/C COMPLETED - LOC VERIFIED,0 NO,01 NOT AT INTERSECTION/RRX/BRIDGE,01 DAYLIGHT,01 CLEAR,01 DRY,01 LEVEL,1 STRAIGHT,"TWO-WAY, DIVIDED, POSITIVE MED",,NO CONTROLS,NOT CODED,12,NONE,NOT CODED,NOT CODED,NONE,NOT CODED,NOT CODED,27 GUARDRAIL FACE,77 OTHER (SEE NARRATIVE),01 STRAIGHT AHEAD,FAILED TO KEEP IN PROPER LANE,NOT CODED,00 NOT CODED,00 NOT CODED,00 NOT CODED,00 NOT CODED,01 NO,0,0,0,0,1,0,1,1,N,N,N,N,Y,N,N,N,N,N,N,N,N,N,N,N,N,N,N,N,N,N,N,N,N,N,28.543827103,-81.53781614,447387.988376,3157565.269523,R,,ARBM15Q1R2,"January 7, 2023",2866110,-9076748.52420726,3317713.2557627074
2021895644470,2021,895644470,FHPD21OFF092154,FLORIDA HIGHWAY PATROL,05 FIFTH,ORANGE,"November 12, 2021",1159,SATURDAY,7546 ORLANDO,0746,N,US 441,NATIONAL ST,0.057,N,28.61479,-81.4354699,28.6154595,-81.4363124,75020000,5.136,00607,SR 500,US 441,M MEDIAN,M MIDDLE,S SOUTH,20 URBAN 4-5LN 2WY DIVD RASD,02 U.S.,01 NON-JUNCTION,02 OFF ROADWAY,01 NOT AT INTERSECTION,03 CURB,40,"January 22, 2020",14 URBAN PRIN ART OTHER,23,PAVED WARN,8,CURB&GUTTER,2,,0,20,28000,RCI,6.2,,45,4 INCAPACITATING INJURY,31 Q/C COMPLETED - LOC VERIFIED,0 NO,01 NOT AT INTERSECTION/RRX/BRIDGE,01 DAYLIGHT,01 CLEAR,01 DRY,01 LEVEL,1 STRAIGHT,"TWO-WAY, DIVIDED, POSITIVE MED",,NO CONTROLS,NOT CODED,4,NONE,NOT CODED,NOT CODED,NONE,NOT CODED,NOT CODED,32 TREE (STANDING),77 OTHER (SEE NARRATIVE),01 STRAIGHT AHEAD,OPERATED MV IN CARLESS OR NEGL,NOT CODED,00 NOT CODED,00 NOT CODED,00 NOT CODED,00 NOT CODED,01 NO,1,0,1,0,1,0,1,1,N,N,N,N,Y,N,N,N,N,N,Y,N,N,N,N,N,N,N,N,N,N,N,N,N,N,N,28.615483884,-81.436257211,457352.052239,3165463.502919,R,,ARBM15Q1R2,"January 7, 2023",2866111,-9065443.033036523,3326796.867328497
2021895672640,2021,895672640,FHP21ON0002169,FLORIDA HIGHWAY PATROL,05 FIFTH,ORANGE,"November 16, 2021",1400,WEDNESDAY,7546 ORLANDO,0746,N,SR 482,KINGS POINT PKWY,0.095,W,28.4499787,-81.4405798,28.450058,-81.4408186,75002000,2.175,01872,SR 482,,R RIGHT,3 THRU LANE 3,E EAST,30 URBAN 6+LN 2WY DIVD RASD,03 STATE,01 NON-JUNCTION,01 ON ROADWAY,01 NOT AT INTERSECTION,01 PAVED,25,"May 19, 2015",16 URBAN MINOR ART,36,PAVED,4,CURB&GUTTER,2,,0,37,31000,RCI,7.8,,55,4 INCAPACITATING INJURY,31 Q/C COMPLETED - LOC VERIFIED,0 NO,01 NOT AT INTERSECTION/RRX/BRIDGE,01 DAYLIGHT,01 CLEAR,01 DRY,01 LEVEL,1 STRAIGHT,"TWO-WAY, DIVIDED, POSITIVE MED","TWO-WAY, DIVIDED, POSITIVE MED",NO CONTROLS,NO CONTROLS,6,NONE,NOT CODED,NOT CODED,NONE,NOT CODED,NOT CODED,14 MOTOR VEHICLE IN TRANSPORT,01 FRONT TO REAR,01 STRAIGHT AHEAD,OPERATED MV IN CARLESS OR NEGL,NO CONTRIBUTING ACTION,00 NOT CODED,00 NOT CODED,00 NOT CODED,00 NOT CODED,01 NO,1,0,1,0,2,0,2,2,N,N,N,N,N,N,N,N,N,N,N,N,N,N,N,N,N,N,N,N,N,N,N,N,N,N,28.449958284,-81.440813233,456839.264565,3147127.28935,R,,ARBM15Q1R2,"January 7, 2023",2866181,-9065950.206567118,3305823.266354771
2021247454370,2021,247454370,2021-00418177,COUNTY SHERIFF'S OFFICE,05 FIFTH,ORANGE,"December 10, 2021",2136,SATURDAY,7546 ORLANDO,0746,Y,I 4,EAST/WEST EXPRESSWAY,0.028,N,0,0,28.5314178,-81.3855208,75280000,16.777,04293,SR 400,I 4,L LEFT,S SIDE OF ROAD,S SOUTH,01 INTERSTATE URBAN,01 INTERSTATE,01 NON-JUNCTION,01 ON ROADWAY,01 NOT AT INTERSECTION,01 PAVED,27,"September 16, 2014",11 URBAN PRIN ART INT.,48,PAVED,10,CURB&GUTTER,2,,0,42,136000,RCI,7.6,3D0000,50,1 NO INJURY,31 Q/C COMPLETED - LOC VERIFIED,0 NO,01 NOT AT INTERSECTION/RRX/BRIDGE,04 DARK-LIGHTED,01 CLEAR,01 DRY,01 LEVEL,1 STRAIGHT,"TWO-WAY, NOT DIVIDED",,NO CONTROLS,NOT CODED,8,NONE,NOT CODED,NOT CODED,NONE,NOT CODED,NOT CODED,14 MOTOR VEHICLE IN TRANSPORT,77 OTHER (SEE NARRATIVE),01 STRAIGHT AHEAD,RAN OFF ROADWAY,NOT CODED,00 NOT CODED,00 NOT CODED,00 NOT CODED,00 NOT CODED,01 NO,0,0,0,0,1,0,1,1,N,N,N,N,Y,N,N,N,N,N,N,N,N,N,N,N,N,N,N,N,N,N,N,N,N,N,28.531434342,-81.385739588,462260.650216,3156135.040317,L,,ARBM15Q1R2,"January 7, 2023",2866527,-9059819.435019605,3316142.9082204425
2021884232770,2021,884232770,FHPK21OFF044612,FLORIDA HIGHWAY PATROL,08 TURNPIKE,ORANGE,"August 15, 2021",1651,MONDAY,7546 ORLANDO,0746,N,SR 91,MILE MARKER #260,1,S,28.4674799,-81.4394599,28.4680744,-81.4401421,75470000,9.474,08820,SR 91,,R RIGHT,2 THRU LANE 2,N NORTH,03 TOLL ROAD URBAN,06 TURNPIKE/TOLL,01 NON-JUNCTION,01 ON ROADWAY,01 NOT AT INTERSECTION,01 PAVED,40,"November 11, 2019",12 URBAN PRIN ART EXPR.,48,PAVED WARN,10,LAWN,12,,0,26,99000,RCI,20.7,,70,1 NO INJURY,31 Q/C COMPLETED - LOC VERIFIED,0 NO,01 NOT AT INTERSECTION/RRX/BRIDGE,01 DAYLIGHT,01 CLEAR,01 DRY,01 LEVEL,1 STRAIGHT,"TWO-WAY, DIVIDED, POSITIVE MED",,NO CONTROLS,NOT CODED,8,NONE,NOT CODED,NOT CODED,NONE,NOT CODED,NOT CODED,"17 STRUCK BY FALLING, SHIFTING CA",77 OTHER (SEE NARRATIVE),01 STRAIGHT AHEAD,NO CONTRIBUTING ACTION,NOT CODED,00 NOT CODED,00 NOT CODED,00 NOT CODED,00 NOT CODED,01 NO,0,0,0,0,1,0,1,1,N,N,Y,N,Y,N,N,N,N,N,N,N,N,N,N,N,N,N,N,N,N,N,N,N,N,N,28.468059926,-81.44011626,456914.84778,3149132.41828,R,,ARBM15Q1R2,"January 7, 2023",2866562,-9065872.619971069,3308115.306810766
2021885866980,2021,885866980,FHPD21OFF086381,FLORIDA HIGHWAY PATROL,05 FIFTH,ORANGE,"October 25, 2021",0833,TUESDAY,7546 ORLANDO,0746,N,ORANGE AVE S,LANCASTER RD,0.004,N,28.4362099,-81.36749,28.4663464,-81.3676471,75040000,8.686,00699,SR 527,,R RIGHT,S SIDE OF ROAD,N NORTH,24 SUBURBAN 4-5LN 2WY DIVD PAVD,04 COUNTY,03 INTERSECTION-RELATED,01 ON ROADWAY,01 NOT AT INTERSECTION,02 UNPAVED,32,"September 9, 2019",14 URBAN PRIN ART OTHER,20,PAVED,4,LAWN,6,,0,10,38000,RCI,4.4,3D0000,45,2 POSSIBLE INJURY,31 Q/C COMPLETED - LOC VERIFIED,0 NO,01 NOT AT INTERSECTION/RRX/BRIDGE,01 DAYLIGHT,01 CLEAR,01 DRY,01 LEVEL,1 STRAIGHT,"TWO-WAY, NOT DIV, W/CONT LTURN",,NO CONTROLS,NOT CODED,4,NONE,NOT CODED,NOT CODED,NONE,NOT CODED,NOT CODED,01 OVERTURN/ROLLOVER,77 OTHER (SEE NARRATIVE),03 TURNING LEFT,DROVE TOO FAST FOR CONDITIONS,NOT CODED,00 NOT CODED,00 NOT CODED,00 NOT CODED,00 NOT CODED,01 NO,1,0,0,0,1,0,1,1,N,N,Y,N,N,Y,N,N,N,N,N,Y,N,N,N,N,N,N,N,N,N,N,N,N,N,N,28.46634542,-81.36764524,464008.871412,3148918.639769,C,,ARBM15Q1R2,"January 7, 2023",2866608,-9057805.180524748,3307898.198436596
2021883762830,2021,883762830,FHPD21OFF060446,FLORIDA HIGHWAY PATROL,05 FIFTH,ORANGE,"July 30, 2021",0830,SATURDAY,7546 ORLANDO,0746,N,SR 528,TRADEPORT DR,0.095,W,28.45071,-81.33835,28.4509594,-81.3351297,75002000,8.636,05609,SR 528,,R RIGHT,2 THRU LANE 2,E EAST,03 TOLL ROAD URBAN,03 STATE,14 ENTRANCE/EXIT RAMP,01 ON ROADWAY,01 NOT AT INTERSECTION,01 PAVED,38,"March 3, 2020",12 URBAN PRIN ART EXPR.,36,PAVED WARN,8,VALLEY GUTR,3.5,,0,24,101500,RCI,3.7,,55,4 INCAPACITATING INJURY,31 Q/C COMPLETED - LOC VERIFIED,0 NO,01 NOT AT INTERSECTION/RRX/BRIDGE,01 DAYLIGHT,01 CLEAR,01 DRY,01 LEVEL,1 STRAIGHT,"TWO-WAY, DIVIDED, POSITIVE MED","TWO-WAY, DIVIDED, POSITIVE MED",NO CONTROLS,NO CONTROLS,6,NONE,NOT CODED,NOT CODED,NONE,NOT CODED,NOT CODED,14 MOTOR VEHICLE IN TRANSPORT,03 ANGLE,06 CHANGING LANES,NOT CODED,NO CONTRIBUTING ACTION,00 NOT CODED,00 NOT CODED,00 NOT CODED,00 NOT CODED,01 NO,1,0,1,0,2,0,3,3,N,N,N,N,Y,N,N,N,N,N,N,N,N,N,N,N,N,N,N,N,N,Y,N,Y,N,N,28.450958307,-81.335112787,467188.949761,3147204.690313,R,,ARBM15Q1R2,"January 7, 2023",2867093,-9054183.683315333,3305949.8800195497
2021883764380,2021,883764380,FHPK21OFF030008,FLORIDA HIGHWAY PATROL,08 TURNPIKE,ORANGE,"June 11, 2021",0309,SATURDAY,7546 ORLANDO,0746,N,SR 91,I 4,0.044,S,28.4674799,-81.4394599,28.4757112,-81.445362,75470140,0,03683,SR 91,,L LEFT,X RAMP,N NORTH,08 RAMP RURAL,03 STATE,14 ENTRANCE/EXIT RAMP,02 OFF ROADWAY,01 NOT AT INTERSECTION,01 PAVED,0,"December 31, 2000",,24,PAVED,4,LAWN,4,,0,,15000,RCI,20.7,,,1 NO INJURY,31 Q/C COMPLETED - LOC VERIFIED,0 NO,07 ENTRANCE RAMP,05 DARK-NOT LIGHTED,01 CLEAR,01 DRY,03 UPHILL,1 STRAIGHT,ONE-WAY TRAFFICWAY,,NO CONTROLS,NOT CODED,2,NONE,NOT CODED,NOT CODED,NONE,NOT CODED,NOT CODED,30 CONCRETE TRAFFIC BARRIER,77 OTHER (SEE NARRATIVE),77 OTHER (SEE NARRATIVE),OPERATED MV IN CARLESS OR NEGL,NOT CODED,04 ACTIVITY AREA,03 WORK ON SHOULDER OR MEDIAN,01 NO,01 NO,01 NO,0,0,0,0,1,0,1,1,N,Y,N,N,Y,N,N,N,N,N,N,N,N,N,N,N,N,N,N,N,N,N,N,N,N,N,28.475708832,-81.445352067,456405.42325,3149981.687288,O,,ARBM15Q1R2,"January 7, 2023",2867095,-9066455.46747534,3309083.933622691
2021884112100,2021,884112100,FHPK21OFF047725,FLORIDA HIGHWAY PATROL,08 TURNPIKE,ORANGE,"August 31, 2021",0137,WEDNESDAY,7546 ORLANDO,0746,N,SR 91,CENTRAL FLORIDA PKWY,0.5,N,28.4103562,-81.3917641,28.4140382,-81.3914947,75470000,4.623,08920,SR 91,,L LEFT,3 THRU LANE 3,S SOUTH,03 TOLL ROAD URBAN,01 INTERSTATE,01 NON-JUNCTION,01 ON ROADWAY,01 NOT AT INTERSECTION,01 PAVED,30,"March 15, 2017",12 URBAN PRIN ART EXPR.,24,PAVED WARN,10,LAWN,12,,0,40,72400,RCI,20.7,1D0000,70,4 INCAPACITATING INJURY,31 Q/C COMPLETED - LOC VERIFIED,0 NO,01 NOT AT INTERSECTION/RRX/BRIDGE,05 DARK-NOT LIGHTED,02 CLOUDY,01 DRY,01 LEVEL,1 STRAIGHT,"TWO-WAY, DIVIDED, POSITIVE MED","TWO-WAY, DIVIDED, POSITIVE MED",NO CONTROLS,NO CONTROLS,4,NONE,NOT CODED,NOT CODED,NONE,NOT CODED,NOT CODED,14 MOTOR VEHICLE IN TRANSPORT,"04 SIDESWIPE, SAME DIRECTION",01 STRAIGHT AHEAD,OPERATED MV IN CARLESS OR NEGL,NO CONTRIBUTING ACTION,00 NOT CODED,00 NOT CODED,00 NOT CODED,00 NOT CODED,01 NO,1,0,1,0,2,0,2,2,N,N,Y,N,Y,N,N,N,N,N,N,N,N,N,N,N,N,N,N,N,N,N,N,N,N,N,28.413935832,-81.391686663,461636.380937,3143119.946614,L,,ARBM15Q1R2,"January 7, 2023",2867120,-9060481.460176922,3301263.249892926
2021885822420,2021,885822420,FHPD21OFF081139,FLORIDA HIGHWAY PATROL,05 FIFTH,ORANGE,"October 7, 2021",2050,FRIDAY,7546 ORLANDO,0746,N,SR 438,KINGSLAND AVE,0,,28.5779,-81.4478199,28.5779798,-81.4475039,75250000,6.53,06014,SR 438,,R RIGHT,2 THRU LANE 2,W WEST,30 URBAN 6+LN 2WY DIVD RASD,03 STATE,02 INTERSECTION,01 ON ROADWAY,02 FOUR-WAY INTERSECTION,03 CURB,38,"September 8, 2019",16 URBAN MINOR ART,36,CURB&GUTTER,2,,0,,0,20,34500,RCI,3,,40,4 INCAPACITATING INJURY,31 Q/C COMPLETED - LOC VERIFIED,0 NO,02 AT INTERSECTION,04 DARK-LIGHTED,03 RAIN,02 WET,01 LEVEL,1 STRAIGHT,"TWO-WAY, DIVIDED, POSITIVE MED","TWO-WAY, DIVIDED, POSITIVE MED",NO CONTROLS,NO CONTROLS,6,NONE,NOT CODED,NOT CODED,NONE,NOT CODED,NOT CODED,14 MOTOR VEHICLE IN TRANSPORT,03 ANGLE,03 TURNING LEFT,FAILED TO YIELD RIGHT-OF-WAY,NO CONTRIBUTING ACTION,00 NOT CODED,00 NOT CODED,00 NOT CODED,00 NOT CODED,01 NO,1,0,1,0,2,0,2,3,N,N,N,Y,N,N,N,N,N,N,Y,N,N,N,N,N,N,N,N,N,N,N,N,N,N,N,28.577895289,-81.44773627,456214.285558,3161303.334439,R,,ARBM15Q1R2,"January 7, 2023",2867195,-9066720.87619642,3322031.1567424303
2021885705820,2021,885705820,FHPD21OFF083065,FLORIDA HIGHWAY PATROL,05 FIFTH,ORANGE,"October 14, 2021",1230,FRIDAY,7546 ORLANDO,0746,N,SKYVIEW DR,US 441,0.019,E,28.4556025,-81.3981701,28.4557987,-81.3992583,75010000,7.466,00507,SR 500,US 17,S SIDE RD RIGHT,2 THRU LANE 2,N NORTH,30 URBAN 6+LN 2WY DIVD RASD,04 COUNTY,04 DRIVEWAY/ALLEY ACCESS RELATED,01 ON ROADWAY,01 NOT AT INTERSECTION,03 CURB,38,"March 1, 2020",14 URBAN PRIN ART OTHER,32,CURB&GUTTER,2,,0,,0,16,42000,RCI,4.4,,40,4 INCAPACITATING INJURY,31 Q/C COMPLETED - LOC VERIFIED,0 NO,04 DRIVEWAY ACCESS,01 DAYLIGHT,01 CLEAR,01 DRY,01 LEVEL,1 STRAIGHT,"TWO-WAY, NOT DIVIDED","TWO-WAY, NOT DIVIDED",STOP SIGN,NO CONTROLS,6,NONE,NOT CODED,NOT CODED,NONE,NOT CODED,NOT CODED,14 MOTOR VEHICLE IN TRANSPORT,03 ANGLE,03 TURNING LEFT,FAILED TO YIELD RIGHT-OF-WAY,NO CONTRIBUTING ACTION,00 NOT CODED,00 NOT CODED,00 NOT CODED,00 NOT CODED,01 NO,1,0,1,0,2,0,2,2,N,N,N,N,N,N,N,N,N,N,N,N,N,N,N,N,N,N,N,N,N,N,N,N,N,N,28.455789837,-81.399184144,460917.418574,3147759.097685,R,,ARBM15Q1R2,"January 7, 2023",2867249,-9061316.076228017,3306561.618393348
2021885341570,2021,885341570,FHPD21OFF055506,FLORIDA HIGHWAY PATROL,05 FIFTH,ORANGE,"July 14, 2021",0241,THURSDAY,7546 ORLANDO,0746,N,US 441,OAK RIDGE RD,0.009,S,28.47258,-81.3966499,28.4724483,-81.39664,75010000,8.629,01936,SR 500,US 17,R RIGHT,2 THRU LANE 2,N NORTH,30 URBAN 6+LN 2WY DIVD RASD,02 U.S.,02 INTERSECTION,01 ON ROADWAY,02 FOUR-WAY INTERSECTION,03 CURB,38,"March 1, 2020",14 URBAN PRIN ART OTHER,32,CURB&GUTTER,2,,0,,0,30,42000,RCI,4.4,,40,2 POSSIBLE INJURY,31 Q/C COMPLETED - LOC VERIFIED,0 NO,03 INFLUENCED BY INTERSECTION,04 DARK-LIGHTED,01 CLEAR,01 DRY,01 LEVEL,1 STRAIGHT,"TWO-WAY, DIVIDED, POSITIVE MED","TWO-WAY, DIVIDED, POSITIVE MED",NO CONTROLS,NO CONTROLS,6,NONE,NOT CODED,NOT CODED,NONE,NOT CODED,NOT CODED,14 MOTOR VEHICLE IN TRANSPORT,"04 SIDESWIPE, SAME DIRECTION",16 LEAVING TRAFFIC LANE,FAILED TO KEEP IN PROPER LANE,NO CONTRIBUTING ACTION,00 NOT CODED,00 NOT CODED,00 NOT CODED,00 NOT CODED,01 NO,3,0,0,0,3,0,3,3,N,N,N,Y,N,N,N,N,N,N,N,N,N,N,N,N,N,N,N,N,N,N,N,N,N,N,28.47244419,-81.396543543,461182.038036,3149603.279824,R,,ARBM15Q1R2,"January 7, 2023",2867294,-9061022.12594651,3308670.5040099192
2021885364300,2021,885364300,FHPD21OFF072394,FLORIDA HIGHWAY PATROL,05 FIFTH,ORANGE,"September 9, 2021",0840,FRIDAY,7546 ORLANDO,0746,N,CR 527,SR 482,0.004,S,28.4505833,-81.3637745,28.450976,-81.3636181,75002000,6.874,05607,SR 482,,S SIDE RD RIGHT,1 THRU LANE 1,N NORTH,20 URBAN 4-5LN 2WY DIVD RASD,04 COUNTY,01 NON-JUNCTION,01 ON ROADWAY,01 NOT AT INTERSECTION,03 CURB,36,"March 3, 2020",16 URBAN MINOR ART,20,PAVED,8,CURB&GUTTER,2,,0,22,39000,RCI,4.3,,45,4 INCAPACITATING INJURY,31 Q/C COMPLETED - LOC VERIFIED,0 NO,03 INFLUENCED BY INTERSECTION,01 DAYLIGHT,01 CLEAR,01 DRY,01 LEVEL,1 STRAIGHT,"TWO-WAY, NOT DIVIDED","TWO-WAY, DIVIDED, POSITIVE MED",NO CONTROLS,NO CONTROLS,4,NONE,NOT CODED,NOT CODED,NONE,NOT CODED,NOT CODED,14 MOTOR VEHICLE IN TRANSPORT,01 FRONT TO REAR,01 STRAIGHT AHEAD,NO CONTRIBUTING ACTION,NO CONTRIBUTING ACTION,00 NOT CODED,00 NOT CODED,00 NOT CODED,00 NOT CODED,01 NO,1,0,1,0,2,0,2,2,N,N,N,Y,N,N,N,N,N,N,N,N,N,N,N,N,N,N,N,N,N,Y,N,Y,N,N,28.45090992,-81.363610604,464398.67914,3147207.435326,R,,ARBM15Q1R2,"January 7, 2023",2867308,-9057356.04678444,3305943.753597911
2021885460260,2021,885460260,FHPD21OFF060023,FLORIDA HIGHWAY PATROL,08 TURNPIKE,ORANGE,"July 28, 2021",2343,THURSDAY,7546 ORLANDO,0746,N,SR 528,CR 423,0.019,N,28.4204973,-81.423296,28.4207063,-81.4235663,75471125,0.188,04118,SR 528,,R RIGHT,X RAMP,E EAST,08 RAMP RURAL,03 STATE,01 NON-JUNCTION,02 OFF ROADWAY,01 NOT AT INTERSECTION,02 UNPAVED,0,"December 31, 2000",,15,PAVED,4,LAWN,6,,0,,8000,RCI,11,,,1 NO INJURY,31 Q/C COMPLETED - LOC VERIFIED,0 NO,08 EXIT RAMP,04 DARK-LIGHTED,02 CLOUDY,02 WET,04 DOWNHILL,2 CURVE RIGHT,ONE-WAY TRAFFICWAY,,NO CONTROLS,NOT CODED,1,NONE,NOT CODED,NOT CODED,NONE,NOT CODED,NOT CODED,33 UTILITY POLE/LIGHT SUPPORT,77 OTHER (SEE NARRATIVE),15 NEGOTIATING A CURVE,OPERATED MV IN CARLESS OR NEGL,NOT CODED,00 NOT CODED,00 NOT CODED,00 NOT CODED,00 NOT CODED,01 NO,0,0,0,0,1,0,1,1,N,N,N,N,N,N,N,N,N,N,N,N,N,N,N,N,N,N,N,N,N,N,N,N,N,N,28.420703644,-81.423561574,458517.011011,3143880.277919,O,,ARBM15Q1R2,"January 7, 2023",2867318,-9064029.760085084,3302119.8563680467
2021883764400,2021,883764400,FHPK21OFF030951,FLORIDA HIGHWAY PATROL,08 TURNPIKE,ORANGE,"June 14, 2021",2220,TUESDAY,7546 ORLANDO,0746,N,SR 91,MILE MARKER #259,0.5,N,28.4674799,-81.4394599,28.4741699,-81.4457679,75470000,10.018,04854,SR 91,,R RIGHT,S SIDE OF ROAD,S SOUTH,03 TOLL ROAD URBAN,03 STATE,01 NON-JUNCTION,02 OFF ROADWAY,01 NOT AT INTERSECTION,01 PAVED,40,"November 11, 2019",12 URBAN PRIN ART EXPR.,48,PAVED WARN,10,LAWN,12,,0,26,99000,RCI,20.7,,70,1 NO INJURY,31 Q/C COMPLETED - LOC VERIFIED,0 NO,01 NOT AT INTERSECTION/RRX/BRIDGE,04 DARK-LIGHTED,03 RAIN,02 WET,01 LEVEL,1 STRAIGHT,"TWO-WAY, DIVIDED, POSITIVE MED",,NO CONTROLS,NOT CODED,8,"RD SURFC (WET, ICY, SNOW, ETC)",NOT CODED,NOT CODED,WEATHER CONDITIONS,NOT CODED,NOT CODED,27 GUARDRAIL FACE,77 OTHER (SEE NARRATIVE),01 STRAIGHT AHEAD,OPERATED MV IN CARLESS OR NEGL,NOT CODED,00 NOT CODED,00 NOT CODED,00 NOT CODED,00 NOT CODED,01 NO,0,0,0,0,1,0,1,2,N,N,N,N,Y,N,N,N,N,N,N,N,N,N,N,N,N,N,N,N,N,N,N,N,N,N,28.474149411,-81.4457574,456365.104814,3149809.07451,R,,ARBM15Q1R2,"January 7, 2023",2867633,-9066500.58899062,3308886.4491067184