Crash Id,Calendar Year,FDOT Crash Number,Reporting Agency Case Number,Reporting Agency Type,FDOT Managing District,County Name,Crash Date,Crash Time,Day,DHSMV City,Crash Report City Code,In Town,On Roadway Name,Int Roadway Name,Reference Distance (Miles),Reference Direction,Officer Latitude,Officer Longitude,FDOT Latitude,FDOT Longitude,FDOT Roadway,Nearest Inventory MP,Nearest Node From Crash,State Road #,US Highway,Crash Side of Road,Accident Lane Number,Travel Direction Vehicle 1,FDOT Road Category,DHSMV Road System Id,Relation to Junction,Crash Harmful Event Location,Intersection Type,Shoulder Type,FDOT Roadway SKID Test Result,FDOT Roadway SKID Test Date,Functional Class,RCI Surface Width,RCI Shoulder Type First,RCI Shoulder Width First,RCI Shoulder Type Second,RCI Shoulder Width Second,RCI Shoulder Type Third,RCI Shoulder Width Third,RCI Median Width,Avg Daily Traffic,AADT Source,RCI Avg Per Truck Traffic,RCI Horiz Curve Condition,Posted Speed Limit,Highest Injury in Crash,CAR Status Code,Alcohols/Drug Involved,Site Location,Lighting,Weather,Road Surface,Roadway Grade,Roadway Alignment,Traffic Way Vehicle 1,Traffic Way Vehicle 2,Traffic Control Vehicle 1,Traffic Control Vehicle 2,Count of Lanes,Road Condition 1,Road Condition 2,Road Condition 3,Environment Condition 1,Environment Condition 2,Environment Condition 3,Crash Harmful Event,Manner of Collision,Vehicle Movement,Driver Action Vehicle 1,Driver Action Vehicle 2,Location Within Workzone,Type of Workzone,Workers Present in Workzone,Law Enforcement Present in Workzone,School Bus Related,Count of Nonfatal Injuries,Count of Traffic Fatalities,Count of Serious Injuries,Count of Pedestrians,Count of Drivers,Count of Bicyclists,Count of Vehicles,Count of Persons,Wrong Way,Workzone Inv,Commercial Vehicle Inv,Intersection Inv,Lane Departure,Speeding,Agressive Driving,Impaired Driver,Impaired Pedestrian,Impaired Bicyclist,Distracted Driver,Speeding or Aggressive Driving,Pedestrian Related,Bicyclist Related,Pedestrian or Bicyclist Related,Motorcycle Inv,No Belt,No Belt - Ages 1-4,No Belt - Ages 5-12,No Belt - Ages 13-17,Driver - Ages Teen,Driver - Ages 65 plus,Driver - Ages 65-69,Driver - Ages 70-74,Driver - Ages 75-79,Driver - Ages 80 plus,ARBM Latitude,ARBM Longitude,UTM Zone 17N X,UTM Zone 17N Y,ARBM Side of Road,Urban Rural Indicator,GIS Street Source,Extract Date,OBJECTID,x,y
2021885619850,2021,885619850,FHPD21OFF073865,FLORIDA HIGHWAY PATROL,05 FIFTH,ORANGE,"September 14, 2021",1002,WEDNESDAY,7546 ORLANDO,0746,N,US 441,STABLE DR,0.2,N,28.38398,-81.4046769,28.3860959,-81.404542,75010000,2.63,00492,SR 500,US 17,L LEFT,3 THRU LANE 3,S SOUTH,30 URBAN 6+LN 2WY DIVD RASD,02 U.S.,01 NON-JUNCTION,01 ON ROADWAY,01 NOT AT INTERSECTION,03 CURB,37,"March 1, 2020",14 URBAN PRIN ART OTHER,35,PAVED,4,CURB&GUTTER,2,,0,30,53000,RCI,4.4,,50,4 INCAPACITATING INJURY,31 Q/C COMPLETED - LOC VERIFIED,0 NO,01 NOT AT INTERSECTION/RRX/BRIDGE,01 DAYLIGHT,01 CLEAR,01 DRY,01 LEVEL,1 STRAIGHT,"TWO-WAY, DIVIDED, POSITIVE MED","TWO-WAY, DIVIDED, POSITIVE MED",NO CONTROLS,NO CONTROLS,6,NONE,NOT CODED,NOT CODED,NONE,NOT CODED,NOT CODED,14 MOTOR VEHICLE IN TRANSPORT,01 FRONT TO REAR,01 STRAIGHT AHEAD,OPERATED MV IN CARLESS OR NEGL,NO CONTRIBUTING ACTION,00 NOT CODED,00 NOT CODED,00 NOT CODED,00 NOT CODED,01 NO,3,0,1,0,3,0,3,3,N,N,N,N,N,N,N,N,N,N,N,N,N,N,N,N,N,N,N,N,N,N,N,N,N,N,28.386109908,-81.404639795,460357.324585,3140041.499063,L,,ARBM15Q1R2,"January 7, 2023",2867772,-9061923.396447182,3297741.878479812
2021885713810,2021,885713810,FHPD21OFF078222,FLORIDA HIGHWAY PATROL,05 FIFTH,ORANGE,"September 28, 2021",1328,WEDNESDAY,7546 ORLANDO,0746,N,FOREST CITY RD,VILLA DR,0,,28.61336,-81.41494,28.6141907,-81.4148745,75260000,5.163,02874,SR 434,,L LEFT,1 THRU LANE 1,N NORTH,20 URBAN 4-5LN 2WY DIVD RASD,04 COUNTY,15 CROSSOVER-RELATED,01 ON ROADWAY,01 NOT AT INTERSECTION,02 UNPAVED,44,"September 8, 2019",14 URBAN PRIN ART OTHER,24,CURB&GUTTER,2,,0,,0,41,31000,RCI,2.8,,45,4 INCAPACITATING INJURY,31 Q/C COMPLETED - LOC VERIFIED,0 NO,02 AT INTERSECTION,01 DAYLIGHT,01 CLEAR,01 DRY,01 LEVEL,1 STRAIGHT,"TWO-WAY, DIVIDED, POSITIVE MED","TWO-WAY, DIVIDED, POSITIVE MED",NO CONTROLS,NO CONTROLS,4,NONE,NOT CODED,NOT CODED,NONE,NOT CODED,NOT CODED,14 MOTOR VEHICLE IN TRANSPORT,03 ANGLE,03 TURNING LEFT,FAILED TO YIELD RIGHT-OF-WAY,NO CONTRIBUTING ACTION,00 NOT CODED,00 NOT CODED,00 NOT CODED,00 NOT CODED,01 NO,1,0,1,0,2,0,2,2,N,N,N,Y,N,N,N,N,N,N,Y,N,N,N,N,N,N,N,N,N,N,N,N,N,N,N,28.614256265,-81.414988895,459430.764169,3165320.101746,L,,ARBM15Q1R2,"January 7, 2023",2867805,-9063075.45419618,3326641.1954339263
2021885364250,2021,885364250,FHPD21OFF070954,FLORIDA HIGHWAY PATROL,05 FIFTH,ORANGE,"September 4, 2021",0925,SUNDAY,7546 ORLANDO,0746,N,US 441,CR 528A,0,,28.4725782,-81.3965563,28.4359958,-81.4045276,75010000,6.065,00501,SR 500,US 17,R RIGHT,1 THRU LANE 1,N NORTH,31 URBAN 6+LN 2WY DIVD PAVD,02 U.S.,02 INTERSECTION,01 ON ROADWAY,02 FOUR-WAY INTERSECTION,03 CURB,30,"March 1, 2020",14 URBAN PRIN ART OTHER,32,CURB&GUTTER,2,,0,,0,11,63000,RCI,4.4,0D3000,45,4 INCAPACITATING INJURY,31 Q/C COMPLETED - LOC VERIFIED,0 NO,02 AT INTERSECTION,01 DAYLIGHT,01 CLEAR,01 DRY,01 LEVEL,1 STRAIGHT,"TWO-WAY, DIVIDED, POSITIVE MED","TWO-WAY, NOT DIVIDED",TRAFFIC CONTROL SIGNAL,TRAFFIC CONTROL SIGNAL,6,NONE,NOT CODED,NOT CODED,NONE,NOT CODED,NOT CODED,14 MOTOR VEHICLE IN TRANSPORT,03 ANGLE,01 STRAIGHT AHEAD,RAN RED LIGHT,NO CONTRIBUTING ACTION,00 NOT CODED,00 NOT CODED,00 NOT CODED,00 NOT CODED,01 NO,2,0,1,0,2,0,2,2,N,N,N,Y,N,N,N,N,N,N,N,N,N,N,N,N,N,N,N,N,N,Y,Y,N,N,N,28.435998702,-81.404535022,460386.156129,3145568.30994,R,,ARBM15Q1R2,"January 7, 2023",2867820,-9061911.733386448,3304055.9641242158
2021885234260,2021,885234260,FHPD21OFF048217,FLORIDA HIGHWAY PATROL,05 FIFTH,ORANGE,"June 19, 2021",2205,SUNDAY,7546 ORLANDO,0746,N,SR 50,MURDOCK BLVD,0,,28.569575,-81.2321595,28.5696587,-81.2320239,75060000,10.226,05187,SR 50,,R RIGHT,1 THRU LANE 1,W WEST,30 URBAN 6+LN 2WY DIVD RASD,04 COUNTY,02 INTERSECTION,01 ON ROADWAY,02 FOUR-WAY INTERSECTION,03 CURB,39,"September 9, 2019",14 URBAN PRIN ART OTHER,36,PAVED,4,CURB&GUTTER,2,,0,34,46500,RCI,1.9,0D3000,45,4 INCAPACITATING INJURY,31 Q/C COMPLETED - LOC VERIFIED,0 NO,02 AT INTERSECTION,04 DARK-LIGHTED,02 CLOUDY,01 DRY,01 LEVEL,1 STRAIGHT,"TWO-WAY, DIVIDED, POSITIVE MED","TWO-WAY, DIVIDED, POSITIVE MED",TRAFFIC CONTROL SIGNAL,TRAFFIC CONTROL SIGNAL,6,NONE,NOT CODED,NOT CODED,NONE,NOT CODED,NOT CODED,14 MOTOR VEHICLE IN TRANSPORT,03 ANGLE,10 MAKING U-TURN,NO CONTRIBUTING ACTION,NO CONTRIBUTING ACTION,00 NOT CODED,00 NOT CODED,00 NOT CODED,00 NOT CODED,01 NO,3,0,1,0,2,0,2,3,N,N,N,Y,N,N,N,N,N,N,N,N,N,N,N,Y,N,N,N,N,Y,N,N,N,N,N,28.569604729,-81.232109061,477299.546175,3160325.020285,R,,ARBM15Q1R2,"January 7, 2023",2867854,-9042717.358044367,3320980.259147421
2021885234270,2021,885234270,FHPD21OFF048248,FLORIDA HIGHWAY PATROL,05 FIFTH,ORANGE,"June 20, 2021",0245,MONDAY,7546 ORLANDO,0746,N,US 441,LANDSTREET RD,0,,28.4357104,-81.4049933,28.4359958,-81.4045276,75010000,6.065,00501,SR 500,US 17,I INTERSECTION,M MIDDLE,W WEST,31 URBAN 6+LN 2WY DIVD PAVD,77 ALL OTHER,01 NON-JUNCTION,02 OFF ROADWAY,01 NOT AT INTERSECTION,03 CURB,30,"March 1, 2020",14 URBAN PRIN ART OTHER,32,CURB&GUTTER,2,,0,,0,11,63000,RCI,4.4,0D3000,45,2 POSSIBLE INJURY,31 Q/C COMPLETED - LOC VERIFIED,0 NO,02 AT INTERSECTION,04 DARK-LIGHTED,02 CLOUDY,01 DRY,01 LEVEL,1 STRAIGHT,"TWO-WAY, DIVIDED, POSITIVE MED",,NO CONTROLS,NOT CODED,6,NONE,NOT CODED,NOT CODED,NONE,NOT CODED,NOT CODED,"39 OTHER FIXED OBJECT (WALL, BUIL",77 OTHER (SEE NARRATIVE),03 TURNING LEFT,OPERATED MV IN CARLESS OR NEGL,NOT CODED,00 NOT CODED,00 NOT CODED,00 NOT CODED,00 NOT CODED,01 NO,1,0,0,0,1,0,1,1,N,N,N,Y,N,N,N,N,N,N,N,N,N,N,N,N,N,N,N,N,N,N,N,N,N,N,28.435998702,-81.404535022,460386.156129,3145568.30994,R,,ARBM15Q1R2,"January 7, 2023",2867855,-9061911.733386448,3304055.9641242158
2021885249930,2021,885249930,FHPD21OFF062432,FLORIDA HIGHWAY PATROL,05 FIFTH,ORANGE,"August 6, 2021",0045,SATURDAY,7546 ORLANDO,0746,N,SR 434,GREENLEAF DR L,0,,28.63456,-81.41516,28.6347815,-81.4150287,75260000,6.581,02891,SR 434,,L LEFT,2 THRU LANE 2,N NORTH,20 URBAN 4-5LN 2WY DIVD RASD,03 STATE,02 INTERSECTION,01 ON ROADWAY,03 T-INTERSECTION,03 CURB,37,"September 8, 2019",14 URBAN PRIN ART OTHER,24,CURB&GUTTER,2,,0,,0,41,29000,RCI,6.3,,45,2 POSSIBLE INJURY,31 Q/C COMPLETED - LOC VERIFIED,0 NO,02 AT INTERSECTION,04 DARK-LIGHTED,02 CLOUDY,02 WET,01 LEVEL,1 STRAIGHT,"TWO-WAY, DIVIDED, POSITIVE MED","TWO-WAY, DIVIDED, POSITIVE MED",NO CONTROLS,NO CONTROLS,4,NONE,NOT CODED,NOT CODED,NONE,NOT CODED,NOT CODED,14 MOTOR VEHICLE IN TRANSPORT,03 ANGLE,03 TURNING LEFT,FAILED TO YIELD RIGHT-OF-WAY,NO CONTRIBUTING ACTION,00 NOT CODED,00 NOT CODED,00 NOT CODED,00 NOT CODED,01 NO,2,0,0,0,2,0,2,3,N,N,N,Y,N,N,N,N,N,N,N,N,N,N,N,N,N,N,N,N,N,N,N,N,N,N,28.634951302,-81.415148783,459423.092124,3167612.893914,L,,ARBM15Q1R2,"January 7, 2023",2867866,-9063093.252944328,3329265.73538612
2021885410970,2021,885410970,FHPD21OFF055351,FLORIDA HIGHWAY PATROL,05 FIFTH,ORANGE,"July 13, 2021",1431,WEDNESDAY,7546 ORLANDO,0746,N,SR 50,ST NICHOLAS AVE,1,W,28.53687,-80.98743,28.5368093,-81.0036648,75060000,24.635,05240,SR 50,,L LEFT,S SIDE OF ROAD,W WEST,26 RURAL 4-5LN 2WY DIVD RASD,03 STATE,01 NON-JUNCTION,03 SHOULDER,01 NOT AT INTERSECTION,02 UNPAVED,42,"September 9, 2019",04 RURAL PRIN ART OTHER,24,PAVED,4,LAWN,12,,0,40,12300,RCI,4.9,,60,4 INCAPACITATING INJURY,31 Q/C COMPLETED - LOC VERIFIED,0 NO,01 NOT AT INTERSECTION/RRX/BRIDGE,01 DAYLIGHT,03 RAIN,02 WET,01 LEVEL,1 STRAIGHT,"TWO-WAY, DIVIDED, POSITIVE MED",,NO CONTROLS,NOT CODED,4,NONE,NOT CODED,NOT CODED,NONE,NOT CODED,NOT CODED,25 DITCH,77 OTHER (SEE NARRATIVE),01 STRAIGHT AHEAD,DROVE TOO FAST FOR CONDITIONS,NOT CODED,00 NOT CODED,00 NOT CODED,00 NOT CODED,00 NOT CODED,01 NO,1,0,1,0,1,0,1,1,N,N,N,N,Y,Y,N,N,N,N,Y,Y,N,N,N,N,N,N,N,N,N,N,N,N,N,N,28.536894648,-81.003999759,499608.69999,3156679.280803,L,,ARBM15Q1R2,"January 7, 2023",2867873,-9017324.339247692,3316834.789131979
2021885411010,2021,885411010,FHPD21OFF055634,FLORIDA HIGHWAY PATROL,05 FIFTH,ORANGE,"July 14, 2021",1409,THURSDAY,7546 ORLANDO,0746,N,SR 423,I 4,0,,28.6076699,-81.38861,28.605867,-81.3861607,75190000,8.595,06229,SR 423,,L LEFT,3 THRU LANE 3,E EAST,24 SUBURBAN 4-5LN 2WY DIVD PAVD,03 STATE,02 INTERSECTION,01 ON ROADWAY,03 T-INTERSECTION,03 CURB,37,"September 8, 2019",14 URBAN PRIN ART OTHER,22,PAVED WARN,6,,0,,0,32,36500,RCI,3.2,6D0000,35,4 INCAPACITATING INJURY,31 Q/C COMPLETED - LOC VERIFIED,0 NO,02 AT INTERSECTION,01 DAYLIGHT,01 CLEAR,01 DRY,01 LEVEL,1 STRAIGHT,"TWO-WAY, DIVIDED, POSITIVE MED","TWO-WAY, DIVIDED, POSITIVE MED",TRAFFIC CONTROL SIGNAL,TRAFFIC CONTROL SIGNAL,4,NONE,NOT CODED,NOT CODED,NONE,NOT CODED,NOT CODED,14 MOTOR VEHICLE IN TRANSPORT,03 ANGLE,03 TURNING LEFT,RAN RED LIGHT,NO CONTRIBUTING ACTION,00 NOT CODED,00 NOT CODED,00 NOT CODED,00 NOT CODED,01 NO,1,0,1,0,2,0,2,2,N,N,N,Y,N,N,N,N,N,N,Y,N,N,N,N,Y,N,N,N,N,N,N,N,N,N,N,28.605957876,-81.386164681,462245.670889,3164391.318074,L,,ARBM15Q1R2,"January 7, 2023",2867874,-9059866.756440612,3325588.941137732
2021885623570,2021,885623570,FHPD21OFF074778,FLORIDA HIGHWAY PATROL,05 FIFTH,ORANGE,"September 16, 2021",2305,FRIDAY,7546 ORLANDO,0746,N,SR 50,OBERRY HOOVER RD,0,,28.5672362,-81.2117753,28.567328,-81.2115222,75060000,11.482,05197,SR 50,,R RIGHT,1 THRU LANE 1,N NORTH,30 URBAN 6+LN 2WY DIVD RASD,03 STATE,02 INTERSECTION,01 ON ROADWAY,03 T-INTERSECTION,03 CURB,39,"September 9, 2019",14 URBAN PRIN ART OTHER,36,PAVED,4,CURB&GUTTER,2,,0,34,57500,RCI,1.4,,45,4 INCAPACITATING INJURY,31 Q/C COMPLETED - LOC VERIFIED,0 NO,02 AT INTERSECTION,04 DARK-LIGHTED,02 CLOUDY,01 DRY,01 LEVEL,1 STRAIGHT,"TWO-WAY, DIVIDED, POSITIVE MED","TWO-WAY, DIVIDED, POSITIVE MED",STOP SIGN,NO CONTROLS,6,NONE,NOT CODED,NOT CODED,NONE,NOT CODED,NOT CODED,14 MOTOR VEHICLE IN TRANSPORT,01 FRONT TO REAR,17 ENTERING TRAFFIC LANE,FAILED TO YIELD RIGHT-OF-WAY,NO CONTRIBUTING ACTION,00 NOT CODED,00 NOT CODED,00 NOT CODED,00 NOT CODED,01 NO,2,0,2,0,2,0,2,2,N,N,N,Y,N,N,N,N,N,N,N,N,N,N,N,N,N,N,N,N,Y,N,N,N,N,N,28.567273647,-81.21161594,479303.33909,3160063.06046,R,,ARBM15Q1R2,"January 7, 2023",2867892,-9040436.07358181,3320684.7899147426
2021855971960,2021,855971960,FHPD21OFF052329,FLORIDA HIGHWAY PATROL,05 FIFTH,ORANGE,"July 2, 2021",2200,SATURDAY,7546 ORLANDO,0746,N,SR 50,OLD CHENEY HWY,0.009,E,28.5620971,-81.3041401,28.5537272,-81.3204734,75060000,4.569,05139,SR 50,,L LEFT,S SIDE OF ROAD,W WEST,30 URBAN 6+LN 2WY DIVD RASD,03 STATE,01 NON-JUNCTION,02 OFF ROADWAY,01 NOT AT INTERSECTION,03 CURB,35,"September 9, 2019",14 URBAN PRIN ART OTHER,36,PAVED,4,CURB&GUTTER,2,,0,21,64500,RCI,2.5,0D45,45,3 NO-INCAPACITATING INJURY,31 Q/C COMPLETED - LOC VERIFIED,0 NO,01 NOT AT INTERSECTION/RRX/BRIDGE,04 DARK-LIGHTED,02 CLOUDY,02 WET,01 LEVEL,1 STRAIGHT,"TWO-WAY, DIVIDED, POSITIVE MED",,NO CONTROLS,NOT CODED,6,"RD SURFC (WET, ICY, SNOW, ETC)",NOT CODED,NOT CODED,NONE,NOT CODED,NOT CODED,33 UTILITY POLE/LIGHT SUPPORT,77 OTHER (SEE NARRATIVE),01 STRAIGHT AHEAD,DROVE TOO FAST FOR CONDITIONS,NOT CODED,00 NOT CODED,00 NOT CODED,00 NOT CODED,00 NOT CODED,01 NO,1,0,0,0,1,0,1,1,N,N,N,N,Y,Y,Y,N,N,N,N,Y,N,N,N,N,N,N,N,N,N,N,N,N,N,N,28.553789,-81.320554299,468644.800996,3158592.822791,L,,ARBM15Q1R2,"January 7, 2023",2868194,-9052563.039783979,3318975.711632918
2021884977830,2021,884977830,FHPD21OFF039420,FLORIDA HIGHWAY PATROL,05 FIFTH,ORANGE,"May 21, 2021",1400,SATURDAY,7546 ORLANDO,0746,N,SR 408,CHICKASAW TRL N,0,,28.545,-81.2774699,28.5452317,-81.2776941,75008087,0,02195,SR 408,,L LEFT,X RAMP,S SOUTH,07 RAMP URBAN,05 LOCAL,02 INTERSECTION,01 ON ROADWAY,02 FOUR-WAY INTERSECTION,03 CURB,0,"December 31, 2000",,12,PAVED,6,,0,,0,,6500,RCI,5.5,,,4 INCAPACITATING INJURY,31 Q/C COMPLETED - LOC VERIFIED,0 NO,07 ENTRANCE RAMP,01 DAYLIGHT,01 CLEAR,01 DRY,01 LEVEL,1 STRAIGHT,"TWO-WAY, DIVIDED, POSITIVE MED","TWO-WAY, DIVIDED, POSITIVE MED",TRAFFIC CONTROL SIGNAL,TRAFFIC CONTROL SIGNAL,1,NONE,NOT CODED,NOT CODED,NONE,NOT CODED,NOT CODED,14 MOTOR VEHICLE IN TRANSPORT,03 ANGLE,01 STRAIGHT AHEAD,RAN RED LIGHT,NO CONTRIBUTING ACTION,00 NOT CODED,00 NOT CODED,00 NOT CODED,00 NOT CODED,01 NO,1,0,1,0,2,0,2,2,N,N,N,N,N,N,N,N,N,N,Y,N,N,N,N,Y,N,N,N,N,N,N,N,N,N,N,28.545241847,-81.277705165,472833.9391,3157635.4692,O,,ARBM15Q1R2,"January 7, 2023",2868266,-9047793.094546648,3317892.5375689794
2021885620040,2021,885620040,FHPD21OFF084068,FLORIDA HIGHWAY PATROL,05 FIFTH,ORANGE,"October 17, 2021",0327,MONDAY,7546 ORLANDO,0746,N,I 4,MILE MARKER #68,0,,28.37471,-81.5069299,28.3760436,-81.5057148,75280000,2.53,00486,SR 400,I 4,R RIGHT,4 THRU LANE 4,E EAST,01 INTERSTATE URBAN,01 INTERSTATE,01 NON-JUNCTION,01 ON ROADWAY,01 NOT AT INTERSECTION,01 PAVED,35,"March 2, 2020",11 URBAN PRIN ART INT.,36,PAVED WARN,10,LAWN,2,,0,64,130500,RCI,9.7,,60,4 INCAPACITATING INJURY,31 Q/C COMPLETED - LOC VERIFIED,0 NO,01 NOT AT INTERSECTION/RRX/BRIDGE,01 DAYLIGHT,01 CLEAR,01 DRY,01 LEVEL,1 STRAIGHT,"TWO-WAY, DIVIDED, POSITIVE MED","TWO-WAY, DIVIDED, POSITIVE MED",NO CONTROLS,NO CONTROLS,6,NONE,NOT CODED,NOT CODED,NONE,NOT CODED,NOT CODED,14 MOTOR VEHICLE IN TRANSPORT,01 FRONT TO REAR,01 STRAIGHT AHEAD,OPERATED MV IN CARLESS OR NEGL,NO CONTRIBUTING ACTION,00 NOT CODED,00 NOT CODED,00 NOT CODED,00 NOT CODED,01 NO,1,0,1,0,3,0,3,4,N,N,Y,N,N,N,N,N,N,N,N,N,N,N,N,N,N,N,N,N,N,N,N,N,N,N,28.376049176,-81.505717528,450449.906411,3138964.336094,R,,ARBM15Q1R2,"January 7, 2023",2868273,-9073175.321445836,3296468.9197745966
2021885620140,2021,885620140,FHPD21OFF091884,FLORIDA HIGHWAY PATROL,05 FIFTH,ORANGE,"November 11, 2021",1537,FRIDAY,7546 ORLANDO,0746,N,I 4,MILE MARKER #71,0,,28.4161035,-81.4745503,28.4102858,-81.4751506,75280000,5.53,00479,SR 400,I 4,L LEFT,1 THRU LANE 1,W WEST,01 INTERSTATE URBAN,01 INTERSTATE,01 NON-JUNCTION,01 ON ROADWAY,01 NOT AT INTERSECTION,01 PAVED,35,"March 2, 2020",11 URBAN PRIN ART INT.,48,PAVED WARN,12,,0,,0,64,184000,RCI,8,2D0000,60,4 INCAPACITATING INJURY,31 Q/C COMPLETED - LOC VERIFIED,0 NO,01 NOT AT INTERSECTION/RRX/BRIDGE,01 DAYLIGHT,02 CLOUDY,01 DRY,01 LEVEL,1 STRAIGHT,"TWO-WAY, DIVIDED, POSITIVE MED","TWO-WAY, DIVIDED, POSITIVE MED",NO CONTROLS,NO CONTROLS,8,NONE,NOT CODED,NOT CODED,NONE,NOT CODED,NOT CODED,14 MOTOR VEHICLE IN TRANSPORT,01 FRONT TO REAR,01 STRAIGHT AHEAD,OPERATED MV IN CARLESS OR NEGL,NO CONTRIBUTING ACTION,00 NOT CODED,00 NOT CODED,00 NOT CODED,00 NOT CODED,01 NO,2,0,2,0,2,0,2,3,N,N,N,N,N,N,N,N,N,N,N,N,N,N,N,N,Y,N,N,N,N,N,N,N,N,N,28.410249305,-81.475586098,453417.170973,3142741.1336,L,,ARBM15Q1R2,"January 7, 2023",2868275,-9069821.105208695,3300796.666413839
2021885713750,2021,885713750,FHPD21OFF077896,FLORIDA HIGHWAY PATROL,05 FIFTH,ORANGE,"September 27, 2021",1234,TUESDAY,7546 ORLANDO,0746,N,SR 408,ALAFAYA TRL,0,,28.55133,-81.20465,28.5491616,-81.20398,75008176,0.199,03591,SR 408,,R RIGHT,X RAMP,S SOUTH,08 RAMP RURAL,03 STATE,02 INTERSECTION,01 ON ROADWAY,03 T-INTERSECTION,03 CURB,0,"December 31, 2000",,24,PAVED,10,LAWN,6,,0,,11500,RCI,5.5,,,4 INCAPACITATING INJURY,31 Q/C COMPLETED - LOC VERIFIED,0 NO,08 EXIT RAMP,01 DAYLIGHT,01 CLEAR,01 DRY,01 LEVEL,1 STRAIGHT,"TWO-WAY, DIVIDED, POSITIVE MED","TWO-WAY, DIVIDED, POSITIVE MED",TRAFFIC CONTROL SIGNAL,TRAFFIC CONTROL SIGNAL,2,NONE,NOT CODED,NOT CODED,NONE,NOT CODED,NOT CODED,14 MOTOR VEHICLE IN TRANSPORT,03 ANGLE,01 STRAIGHT AHEAD,RAN RED LIGHT,NO CONTRIBUTING ACTION,00 NOT CODED,00 NOT CODED,00 NOT CODED,00 NOT CODED,01 NO,1,0,1,0,2,0,2,2,N,N,N,N,N,N,N,N,N,N,Y,N,N,N,N,N,N,N,N,N,N,N,N,N,N,N,28.549172441,-81.203984357,480046.319,3158056.4318,O,,ARBM15Q1R2,"January 7, 2023",2868296,-9039586.529441934,3318390.6481392
2021885455570,2021,885455570,FHPD21OFF062422,FLORIDA HIGHWAY PATROL,05 FIFTH,ORANGE,"August 5, 2021",2310,FRIDAY,7546 ORLANDO,0746,N,SR 417,JOHN YOUNG PKWY N,0.057,N,28.3688137,-81.4303954,28.3734358,-81.4241786,75301000,3.674,03155,SR 417,,M MEDIAN,M MIDDLE,N NORTH,03 TOLL ROAD URBAN,06 TURNPIKE/TOLL,01 NON-JUNCTION,04 MEDIAN,01 NOT AT INTERSECTION,01 PAVED,36,"November 12, 2019",12 URBAN PRIN ART EXPR.,24,PAVED WARN,10,LAWN,12,,0,65,81000,RCI,6.4,1D00,70,1 NO INJURY,31 Q/C COMPLETED - LOC VERIFIED,0 NO,01 NOT AT INTERSECTION/RRX/BRIDGE,04 DARK-LIGHTED,02 CLOUDY,02 WET,01 LEVEL,1 STRAIGHT,"TWO-WAY, DIVIDED, POSITIVE MED",,NO CONTROLS,NOT CODED,4,"RD SURFC (WET, ICY, SNOW, ETC)",NOT CODED,NOT CODED,NONE,NOT CODED,NOT CODED,28 GUARDRAIL END,77 OTHER (SEE NARRATIVE),01 STRAIGHT AHEAD,FAILED TO KEEP IN PROPER LANE,NOT CODED,00 NOT CODED,00 NOT CODED,00 NOT CODED,00 NOT CODED,01 NO,0,0,0,0,1,0,1,1,N,N,N,N,Y,N,N,N,N,N,N,N,N,N,N,N,N,N,N,N,Y,N,N,N,N,N,28.373362549,-81.42432782,458423.493032,3138635.942818,R,,ARBM15Q1R2,"January 7, 2023",2868831,-9064115.057968283,3296129.008412665
2021885460210,2021,885460210,FHPD21OFF059375,FLORIDA HIGHWAY PATROL,05 FIFTH,ORANGE,"July 26, 2021",1810,TUESDAY,7546 ORLANDO,0746,N,US 441,SR 414,0.004,S,28.6334557,-81.4520291,28.6334935,-81.4520969,75020000,6.731,01246,SR 500,US 441,R RIGHT,2 THRU LANE 2,N NORTH,20 URBAN 4-5LN 2WY DIVD RASD,02 U.S.,03 INTERSECTION-RELATED,01 ON ROADWAY,01 NOT AT INTERSECTION,03 CURB,33,"January 22, 2020",14 URBAN PRIN ART OTHER,23,CURB&GUTTER,2,,0,,0,40,25500,RCI,5.6,,45,3 NO-INCAPACITATING INJURY,31 Q/C COMPLETED - LOC VERIFIED,0 NO,03 INFLUENCED BY INTERSECTION,02 DUSK,01 CLEAR,01 DRY,01 LEVEL,1 STRAIGHT,"TWO-WAY, DIVIDED, POSITIVE MED","TWO-WAY, DIVIDED, POSITIVE MED",NO CONTROLS,NO CONTROLS,4,NONE,NOT CODED,NOT CODED,NONE,NOT CODED,NOT CODED,14 MOTOR VEHICLE IN TRANSPORT,01 FRONT TO REAR,01 STRAIGHT AHEAD,OPERATED MV IN CARLESS OR NEGL,NO CONTRIBUTING ACTION,00 NOT CODED,00 NOT CODED,00 NOT CODED,00 NOT CODED,01 NO,2,0,0,0,3,0,3,3,N,N,N,Y,N,N,N,N,N,N,N,N,N,N,N,N,N,N,N,N,N,N,N,N,N,N,28.633521959,-81.452071985,455813.556802,3167467.629861,R,,ARBM15Q1R2,"January 7, 2023",2868833,-9067203.526189795,3329084.449735966