Crash Id,Calendar Year,FDOT Crash Number,Reporting Agency Case Number,Reporting Agency Type,FDOT Managing District,County Name,Crash Date,Crash Time,Day,DHSMV City,Crash Report City Code,In Town,On Roadway Name,Int Roadway Name,Reference Distance (Miles),Reference Direction,Officer Latitude,Officer Longitude,FDOT Latitude,FDOT Longitude,FDOT Roadway,Nearest Inventory MP,Nearest Node From Crash,State Road #,US Highway,Crash Side of Road,Accident Lane Number,Travel Direction Vehicle 1,FDOT Road Category,DHSMV Road System Id,Relation to Junction,Crash Harmful Event Location,Intersection Type,Shoulder Type,FDOT Roadway SKID Test Result,FDOT Roadway SKID Test Date,Functional Class,RCI Surface Width,RCI Shoulder Type First,RCI Shoulder Width First,RCI Shoulder Type Second,RCI Shoulder Width Second,RCI Shoulder Type Third,RCI Shoulder Width Third,RCI Median Width,Avg Daily Traffic,AADT Source,RCI Avg Per Truck Traffic,RCI Horiz Curve Condition,Posted Speed Limit,Highest Injury in Crash,CAR Status Code,Alcohols/Drug Involved,Site Location,Lighting,Weather,Road Surface,Roadway Grade,Roadway Alignment,Traffic Way Vehicle 1,Traffic Way Vehicle 2,Traffic Control Vehicle 1,Traffic Control Vehicle 2,Count of Lanes,Road Condition 1,Road Condition 2,Road Condition 3,Environment Condition 1,Environment Condition 2,Environment Condition 3,Crash Harmful Event,Manner of Collision,Vehicle Movement,Driver Action Vehicle 1,Driver Action Vehicle 2,Location Within Workzone,Type of Workzone,Workers Present in Workzone,Law Enforcement Present in Workzone,School Bus Related,Count of Nonfatal Injuries,Count of Traffic Fatalities,Count of Serious Injuries,Count of Pedestrians,Count of Drivers,Count of Bicyclists,Count of Vehicles,Count of Persons,Wrong Way,Workzone Inv,Commercial Vehicle Inv,Intersection Inv,Lane Departure,Speeding,Agressive Driving,Impaired Driver,Impaired Pedestrian,Impaired Bicyclist,Distracted Driver,Speeding or Aggressive Driving,Pedestrian Related,Bicyclist Related,Pedestrian or Bicyclist Related,Motorcycle Inv,No Belt,No Belt - Ages 1-4,No Belt - Ages 5-12,No Belt - Ages 13-17,Driver - Ages Teen,Driver - Ages 65 plus,Driver - Ages 65-69,Driver - Ages 70-74,Driver - Ages 75-79,Driver - Ages 80 plus,ARBM Latitude,ARBM Longitude,UTM Zone 17N X,UTM Zone 17N Y,ARBM Side of Road,Urban Rural Indicator,GIS Street Source,Extract Date,OBJECTID,x,y
2021884530580,2021,884530580,FHPD21OFF003054,FLORIDA HIGHWAY PATROL,05 FIFTH,ORANGE,"January 13, 2021",1145,THURSDAY,7546 ORLANDO,0746,N,SEMORAN BLVD,SR 50,0.066,N,28.5615799,-81.31085,28.5582391,-81.310791,75003000,7.379,04797,SR 436,,L LEFT,S SIDE OF ROAD,S SOUTH,30 URBAN 6+LN 2WY DIVD RASD,09 PARKING LOT,01 NON-JUNCTION,08 IN PARKING LANE OR ZONE,01 NOT AT INTERSECTION,01 PAVED,40,"March 2, 2020",14 URBAN PRIN ART OTHER,33,CURB&GUTTER,2,,0,,0,25,41000,RCI,6.2,,45,2 POSSIBLE INJURY,31 Q/C COMPLETED - LOC VERIFIED,0 NO,01 NOT AT INTERSECTION/RRX/BRIDGE,01 DAYLIGHT,01 CLEAR,01 DRY,01 LEVEL,1 STRAIGHT,"TWO-WAY, DIVIDED, POSITIVE MED","TWO-WAY, NOT DIVIDED",NO CONTROLS,NO CONTROLS,6,NONE,NOT CODED,NOT CODED,NONE,NOT CODED,NOT CODED,14 MOTOR VEHICLE IN TRANSPORT,77 OTHER (SEE NARRATIVE),05 TURNING RIGHT,IMPROPER TURN,NOT CODED,00 NOT CODED,00 NOT CODED,00 NOT CODED,00 NOT CODED,01 NO,1,0,0,0,1,0,3,1,N,N,N,N,Y,N,N,N,N,N,Y,N,N,N,N,N,N,N,N,N,N,N,N,N,N,N,28.558268546,-81.310886911,469591.714384,3159086.598775,L,,ARBM15Q1R2,"January 7, 2023",2909730,-9051486.870710663,3319543.436247205
2021884530590,2021,884530590,FHPD21OFF003269,FLORIDA HIGHWAY PATROL,05 FIFTH,ORANGE,"January 14, 2021",0950,FRIDAY,7546 ORLANDO,0746,N,SR 520,SR 528,0,,28.45266,-80.9792999,28.4520356,-80.9786914,75140000,8.92,05315,SR 520,,L LEFT,1 THRU LANE 1,E EAST,26 RURAL 4-5LN 2WY DIVD RASD,03 STATE,02 INTERSECTION,01 ON ROADWAY,02 FOUR-WAY INTERSECTION,02 UNPAVED,42,"March 2, 2020",04 RURAL PRIN ART OTHER,24,PAVED,4,LAWN,12,,0,40,8600,RCI,10.2,0D5926,55,4 INCAPACITATING INJURY,31 Q/C COMPLETED - LOC VERIFIED,0 NO,02 AT INTERSECTION,01 DAYLIGHT,01 CLEAR,01 DRY,01 LEVEL,3 CURVE LEFT,ONE-WAY TRAFFICWAY,"TWO-WAY, DIVIDED, POSITIVE MED",STOP SIGN,NO CONTROLS,4,NONE,NOT CODED,NOT CODED,NONE,NOT CODED,NOT CODED,14 MOTOR VEHICLE IN TRANSPORT,03 ANGLE,01 STRAIGHT AHEAD,RAN STOP SIGN,NO CONTRIBUTING ACTION,00 NOT CODED,00 NOT CODED,00 NOT CODED,00 NOT CODED,01 NO,2,0,2,0,2,0,2,2,N,N,N,Y,N,N,N,N,N,N,Y,N,N,N,N,N,N,N,N,N,N,N,N,N,N,N,28.452812471,-80.979247242,502031.870482,3147364.561515,L,,ARBM15Q1R2,"January 7, 2023",2909731,-9014568.900513519,3306184.6406919723
2021884503720,2021,884503720,FHPD21OFF001966,FLORIDA HIGHWAY PATROL,05 FIFTH,ORANGE,"January 8, 2021",1313,SATURDAY,7546 ORLANDO,0746,N,SR 417,LEE VISTA BLVD,0,S,28.4622199,-81.2330299,28.477569,-81.239333,75300000,1.358,02837,SR 417,,R RIGHT,S SIDE OF ROAD,N NORTH,03 TOLL ROAD URBAN,06 TURNPIKE/TOLL,01 NON-JUNCTION,01 ON ROADWAY,01 NOT AT INTERSECTION,01 PAVED,39,"July 27, 2021",12 URBAN PRIN ART EXPR.,36,PAVED WARN,8,VALLEY GUTR,3.5,,0,40,109000,RCI,6.4,,70,1 NO INJURY,31 Q/C COMPLETED - LOC VERIFIED,0 NO,01 NOT AT INTERSECTION/RRX/BRIDGE,01 DAYLIGHT,01 CLEAR,01 DRY,01 LEVEL,1 STRAIGHT,"TWO-WAY, DIVIDED, POSITIVE MED","TWO-WAY, DIVIDED, POSITIVE MED",NO CONTROLS,NO CONTROLS,6,OBSTRUCTION IN ROADWAY,NOT CODED,NOT CODED,PHYSICAL OBSTRUCTION(S),NOT CODED,NOT CODED,05 CARGO/EQUIPMENT LOSS OR SHIFT,77 OTHER (SEE NARRATIVE),01 STRAIGHT AHEAD,NOT CODED,NO CONTRIBUTING ACTION,00 NOT CODED,00 NOT CODED,00 NOT CODED,00 NOT CODED,01 NO,0,0,0,0,1,0,2,1,N,N,N,N,Y,N,N,N,N,N,N,N,N,N,N,N,N,N,N,N,N,N,N,N,N,N,28.477568881,-81.239350488,476570.98702,3150130.301079,R,,ARBM15Q1R2,"January 7, 2023",2909747,-9043523.469947377,3309319.494087831
2021884476010,2021,884476010,FHPD21OFF010534,FLORIDA HIGHWAY PATROL,05 FIFTH,ORANGE,"February 11, 2021",1535,FRIDAY,7546 ORLANDO,0746,N,SR 15,BEATLES LN,0.001,E,28.4805194,-81.3039056,28.4806357,-81.3039121,75080000,11.202,04926,SR 15,,L LEFT,2 THRU LANE 2,E EAST,20 URBAN 4-5LN 2WY DIVD RASD,03 STATE,01 NON-JUNCTION,01 ON ROADWAY,03 T-INTERSECTION,03 CURB,37,"July 26, 2021",16 URBAN MINOR ART,22,PAVED,4,CURB&GUTTER,2,,0,22,21500,RCI,6.3,,45,5 FATAL(WITHIN 30 DAYS) INJURY,31 Q/C COMPLETED - LOC VERIFIED,0 NO,01 NOT AT INTERSECTION/RRX/BRIDGE,01 DAYLIGHT,01 CLEAR,01 DRY,01 LEVEL,1 STRAIGHT,"TWO-WAY, DIVIDED, POSITIVE MED","TWO-WAY, DIVIDED, POSITIVE MED",NO CONTROLS,NO CONTROLS,4,NONE,NOT CODED,NOT CODED,NONE,NOT CODED,NOT CODED,14 MOTOR VEHICLE IN TRANSPORT,03 ANGLE,05 TURNING RIGHT,OTHER CONTRIBUTING ACTION,OPERATED MV IN CARLESS OR NEGL,00 NOT CODED,00 NOT CODED,00 NOT CODED,00 NOT CODED,01 NO,1,1,1,0,2,0,2,2,N,N,Y,N,N,N,N,N,N,N,N,N,N,N,N,Y,N,N,N,N,N,N,N,N,N,N,28.480664669,-81.303869442,470256.336123,3150487.539386,C,,ARBM15Q1R2,"January 7, 2023",2909749,-9050705.689154722,3309711.5589525322
2021884646240,2021,884646240,FHPD21OFF026408,FLORIDA HIGHWAY PATROL,05 FIFTH,ORANGE,"April 7, 2021",1750,THURSDAY,7546 ORLANDO,0746,N,I 4,CENTRAL FLORIDA PKWY,0,,28.4100234,-81.474972,28.4095274,-81.474261,75280022,0.358,04135,SR 400,I 4,R RIGHT,X RAMP,E EAST,07 RAMP URBAN,05 LOCAL,02 INTERSECTION,01 ON ROADWAY,03 T-INTERSECTION,03 CURB,0,"December 31, 2000",,15,CURB&GUTTER,2,LAWN,12,,0,,7600,RCI,6.4,,,4 INCAPACITATING INJURY,31 Q/C COMPLETED - LOC VERIFIED,0 NO,08 EXIT RAMP,01 DAYLIGHT,01 CLEAR,01 DRY,01 LEVEL,1 STRAIGHT,"TWO-WAY, DIVIDED, POSITIVE MED","TWO-WAY, DIVIDED, POSITIVE MED",NO CONTROLS,NO CONTROLS,1,NONE,NOT CODED,NOT CODED,NONE,NOT CODED,NOT CODED,14 MOTOR VEHICLE IN TRANSPORT,03 ANGLE,03 TURNING LEFT,FAILED TO YIELD RIGHT-OF-WAY,NO CONTRIBUTING ACTION,00 NOT CODED,00 NOT CODED,00 NOT CODED,00 NOT CODED,01 NO,3,0,3,0,2,0,2,3,N,N,N,N,N,N,N,N,N,N,N,N,N,N,N,N,N,N,N,N,N,N,N,N,N,N,28.409533831,-81.474264761,453546.2831,3142661.3602,O,,ARBM15Q1R2,"January 7, 2023",2909756,-9069674.014628552,3300706.1147293304
2021884747340,2021,884747340,FHPD21OFF029643,FLORIDA HIGHWAY PATROL,05 FIFTH,ORANGE,"April 18, 2021",1423,MONDAY,7546 ORLANDO,0746,N,SR 520,SR 528,0.104,S,28.4517374,-80.978521,28.4519727,-80.9786403,75140000,8.925,05315,SR 520,,L LEFT,2 THRU LANE 2,S SOUTH,26 RURAL 4-5LN 2WY DIVD RASD,03 STATE,01 NON-JUNCTION,01 ON ROADWAY,01 NOT AT INTERSECTION,01 PAVED,42,"March 2, 2020",04 RURAL PRIN ART OTHER,24,PAVED,4,LAWN,12,,0,40,8600,RCI,10.2,0D5926,55,1 NO INJURY,31 Q/C COMPLETED - LOC VERIFIED,0 NO,01 NOT AT INTERSECTION/RRX/BRIDGE,01 DAYLIGHT,03 RAIN,02 WET,01 LEVEL,1 STRAIGHT,"TWO-WAY, DIVIDED, POSITIVE MED",,NO CONTROLS,NOT CODED,4,NONE,NOT CODED,NOT CODED,NONE,NOT CODED,NOT CODED,30 CONCRETE TRAFFIC BARRIER,77 OTHER (SEE NARRATIVE),01 STRAIGHT AHEAD,SWERVED OR AVOIDED:  DUE TO WI,NOT CODED,00 NOT CODED,00 NOT CODED,00 NOT CODED,00 NOT CODED,01 NO,0,0,0,0,1,0,1,1,N,N,N,N,Y,N,N,N,N,N,N,N,N,N,N,N,N,N,N,N,N,N,N,N,N,N,28.452751777,-80.979200999,502036.399181,3147357.838509,L,,ARBM15Q1R2,"January 7, 2023",2909790,-9014563.752814258,3306176.956091337
2021885411440,2021,885411440,FHPD21OFF060609,FLORIDA HIGHWAY PATROL,05 FIFTH,ORANGE,"July 30, 2021",1820,SATURDAY,7546 ORLANDO,0746,N,US 441,SR 414,0,,28.63372,-81.45241,28.6335438,-81.4521293,75020000,6.735,01246,SR 500,US 441,R RIGHT,1 THRU LANE 1,W WEST,20 URBAN 4-5LN 2WY DIVD RASD,03 STATE,02 INTERSECTION,01 ON ROADWAY,02 FOUR-WAY INTERSECTION,03 CURB,33,"January 22, 2020",14 URBAN PRIN ART OTHER,23,CURB&GUTTER,2,,0,,0,40,25500,RCI,5.6,,45,4 INCAPACITATING INJURY,31 Q/C COMPLETED - LOC VERIFIED,0 NO,02 AT INTERSECTION,01 DAYLIGHT,01 CLEAR,01 DRY,01 LEVEL,1 STRAIGHT,"TWO-WAY, NOT DIV, W/CONT LTURN","TWO-WAY, NOT DIV, W/CONT LTURN",TRAFFIC CONTROL SIGNAL,TRAFFIC CONTROL SIGNAL,4,NONE,NOT CODED,NOT CODED,NONE,NOT CODED,NOT CODED,14 MOTOR VEHICLE IN TRANSPORT,03 ANGLE,03 TURNING LEFT,OTHER CONTRIBUTING ACTION,OTHER CONTRIBUTING ACTION,00 NOT CODED,00 NOT CODED,00 NOT CODED,00 NOT CODED,01 NO,3,0,2,0,2,0,2,3,N,N,N,Y,N,N,N,N,N,N,N,N,N,N,N,N,N,N,N,N,N,N,N,N,N,N,28.633573445,-81.452102581,455810.587807,3167473.345243,R,,ARBM15Q1R2,"January 7, 2023",2909825,-9067206.932143893,3329090.9797324426
2021244248090,2021,244248090,2021-00230403,COUNTY SHERIFF'S OFFICE,05 FIFTH,ORANGE,"July 11, 2021",1335,MONDAY,7546 ORLANDO,0746,Y,SR 408,SR 527,0.189,E,0,0,28.5351331,-81.3821295,75008000,5.253,04806,SR 408,,R RIGHT,S SIDE OF ROAD,E EAST,03 TOLL ROAD URBAN,03 STATE,01 NON-JUNCTION,01 ON ROADWAY,01 NOT AT INTERSECTION,01 PAVED,41,"September 28, 2003",12 URBAN PRIN ART EXPR.,33,PAVED WARN,8,,0,,0,44,149000,RCI,3,,60,1 NO INJURY,31 Q/C COMPLETED - LOC VERIFIED,0 NO,01 NOT AT INTERSECTION/RRX/BRIDGE,01 DAYLIGHT,03 RAIN,02 WET,04 DOWNHILL,1 STRAIGHT,"TWO-WAY, DIVIDED, POSITIVE MED",,NO CONTROLS,NOT CODED,5,"RD SURFC (WET, ICY, SNOW, ETC)",NOT CODED,NOT CODED,WEATHER CONDITIONS,NOT CODED,NOT CODED,30 CONCRETE TRAFFIC BARRIER,77 OTHER (SEE NARRATIVE),01 STRAIGHT AHEAD,DROVE TOO FAST FOR CONDITIONS,NOT CODED,00 NOT CODED,00 NOT CODED,00 NOT CODED,00 NOT CODED,01 NO,0,0,0,0,1,0,1,1,N,N,N,N,Y,Y,N,N,N,N,N,Y,N,N,N,N,N,N,N,N,N,N,N,N,N,N,28.535134658,-81.382149185,462613.231019,3156543.856036,R,,ARBM15Q1R2,"January 7, 2023",2910079,-9059419.753107999,3316611.7743138648
2021244208380,2021,244208380,2021-00180821,COUNTY SHERIFF'S OFFICE,05 FIFTH,ORANGE,"May 31, 2021",0144,TUESDAY,7546 ORLANDO,0746,Y,SOUTH ST E,GLENWOOD AVE,0.019,W,0,0,28.5386571,-81.353076,75080000,18.34,02634,SR 15,,L LEFT,S SIDE OF ROAD,W WEST,40 URBAN ONE WAY,05 LOCAL,01 NON-JUNCTION,03 SHOULDER,01 NOT AT INTERSECTION,02 UNPAVED,40,"July 26, 2021",17 URBAN MAJOR COLLECTOR,33,CURB&GUTTER,2,,0,,0,,13000,RCI,4.4,,35,1 NO INJURY,31 Q/C COMPLETED - LOC VERIFIED,0 NO,01 NOT AT INTERSECTION/RRX/BRIDGE,04 DARK-LIGHTED,01 CLEAR,01 DRY,01 LEVEL,1 STRAIGHT,ONE-WAY TRAFFICWAY,,NO CONTROLS,NOT CODED,3,NONE,NOT CODED,NOT CODED,NONE,NOT CODED,NOT CODED,14 MOTOR VEHICLE IN TRANSPORT,03 ANGLE,77 OTHER (SEE NARRATIVE),OTHER CONTRIBUTING ACTION,NOT CODED,00 NOT CODED,00 NOT CODED,00 NOT CODED,00 NOT CODED,01 NO,0,0,0,0,1,0,1,2,N,N,N,N,Y,N,N,N,N,N,N,N,N,N,N,N,N,N,N,N,N,N,N,N,N,N,28.538662282,-81.3530952,465456.838214,3156925.951452,O,,ARBM15Q1R2,"January 7, 2023",2910087,-9056185.477311783,3317058.7739879
2021247428190,2021,247428190,2021-00416130,COUNTY SHERIFF'S OFFICE,05 FIFTH,ORANGE,"December 9, 2021",0600,FRIDAY,7546 ORLANDO,0746,Y,I 4,JOHN YOUNG PKWY,2,N,0,0,28.5162514,-81.3878609,75280000,15.702,00362,SR 400,I 4,R RIGHT,3 THRU LANE 3,E EAST,01 INTERSTATE URBAN,01 INTERSTATE,01 NON-JUNCTION,01 ON ROADWAY,01 NOT AT INTERSECTION,01 PAVED,27,"September 16, 2014",11 URBAN PRIN ART INT.,48,PAVED,10,LAWN,2,,0,18,153500,RCI,6.8,2D3000,50,3 NO-INCAPACITATING INJURY,31 Q/C COMPLETED - LOC VERIFIED,0 NO,01 NOT AT INTERSECTION/RRX/BRIDGE,03 DAWN,02 CLOUDY,01 DRY,01 LEVEL,1 STRAIGHT,ONE-WAY TRAFFICWAY,ONE-WAY TRAFFICWAY,NO CONTROLS,NO CONTROLS,8,NONE,NOT CODED,NOT CODED,NONE,NOT CODED,NOT CODED,14 MOTOR VEHICLE IN TRANSPORT,01 FRONT TO REAR,01 STRAIGHT AHEAD,OPERATED MV IN CARLESS OR NEGL,NO CONTRIBUTING ACTION,00 NOT CODED,00 NOT CODED,00 NOT CODED,00 NOT CODED,01 NO,1,0,0,0,2,0,2,2,N,N,N,N,N,N,N,N,N,N,N,N,N,N,N,N,N,N,N,N,N,N,N,N,N,N,28.516255187,-81.387862908,462047.474511,3154454.087458,R,,ARBM15Q1R2,"January 7, 2023",2910197,-9060055.801954947,3314219.73424776
2021248828370,2021,248828370,FHP21ON0068218,FLORIDA HIGHWAY PATROL,05 FIFTH,ORANGE,"December 29, 2021",0900,THURSDAY,7546 ORLANDO,0746,N,SR 438,GOLF CLUB PKWY,0,,28.5780299,-81.4560299,28.5779623,-81.4562475,75250000,6.016,06010,SR 438,,R RIGHT,3 THRU LANE 3,N NORTH,30 URBAN 6+LN 2WY DIVD RASD,03 STATE,02 INTERSECTION,01 ON ROADWAY,03 T-INTERSECTION,03 CURB,38,"September 8, 2019",16 URBAN MINOR ART,36,CURB&GUTTER,2,,0,,0,20,30500,RCI,4.3,,40,4 INCAPACITATING INJURY,31 Q/C COMPLETED - LOC VERIFIED,0 NO,02 AT INTERSECTION,01 DAYLIGHT,02 CLOUDY,01 DRY,01 LEVEL,1 STRAIGHT,"TWO-WAY, DIVIDED, POSITIVE MED","TWO-WAY, DIVIDED, POSITIVE MED",STOP SIGN,STOP SIGN,6,NONE,NOT CODED,NOT CODED,NONE,NOT CODED,NOT CODED,14 MOTOR VEHICLE IN TRANSPORT,03 ANGLE,01 STRAIGHT AHEAD,NOT CODED,NO CONTRIBUTING ACTION,00 NOT CODED,00 NOT CODED,00 NOT CODED,00 NOT CODED,01 NO,1,0,1,0,1,0,2,1,N,N,N,Y,N,N,N,N,N,N,N,N,N,N,N,N,N,N,N,N,N,N,N,N,N,N,28.577874572,-81.456198638,455386.7024,3161304.162037,R,,ARBM15Q1R2,"January 7, 2023",2910212,-9067662.903053159,3322028.530471314
2021884750640,2021,884750640,FHPK21OFF035453,FLORIDA HIGHWAY PATROL,08 TURNPIKE,ORANGE,"July 4, 2021",1550,MONDAY,7546 ORLANDO,0746,N,SR 91,HIAWASSEE RD,0.019,N,28.5036135,-81.4847268,28.5030939,-81.4837839,75470000,13.15,08893,SR 91,,M MEDIAN,M MIDDLE,N NORTH,03 TOLL ROAD URBAN,06 TURNPIKE/TOLL,01 NON-JUNCTION,02 OFF ROADWAY,01 NOT AT INTERSECTION,01 PAVED,34,"July 28, 2021",12 URBAN PRIN ART EXPR.,48,PAVED WARN,8,VALLEY GUTR,3.5,,0,26,112000,RCI,20.7,,70,1 NO INJURY,31 Q/C COMPLETED - LOC VERIFIED,0 NO,01 NOT AT INTERSECTION/RRX/BRIDGE,01 DAYLIGHT,01 CLEAR,01 DRY,01 LEVEL,1 STRAIGHT,"TWO-WAY, DIVIDED, POSITIVE MED",,NO CONTROLS,NOT CODED,8,NONE,NOT CODED,NOT CODED,NONE,NOT CODED,NOT CODED,28 GUARDRAIL END,77 OTHER (SEE NARRATIVE),01 STRAIGHT AHEAD,NO CONTRIBUTING ACTION,NOT CODED,00 NOT CODED,00 NOT CODED,00 NOT CODED,00 NOT CODED,01 NO,0,0,0,0,1,0,1,2,N,N,N,N,Y,N,N,N,N,N,N,N,N,N,N,N,N,N,N,N,N,N,N,N,N,N,28.503082563,-81.483790546,452654.928742,3153028.838947,R,,ARBM15Q1R2,"January 7, 2023",2910328,-9070734.420848133,3312551.0081939073
2021885234470,2021,885234470,FHPD21OFF052552,FLORIDA HIGHWAY PATROL,05 FIFTH,ORANGE,"July 3, 2021",1935,SUNDAY,7546 ORLANDO,0746,N,SR 50,OLD CHENEY HWY,0.004,W,28.5623831,-81.3032079,28.5536943,-81.3206842,75060000,4.556,05139,SR 50,,R RIGHT,S SIDE OF ROAD,E EAST,30 URBAN 6+LN 2WY DIVD RASD,03 STATE,01 NON-JUNCTION,02 OFF ROADWAY,01 NOT AT INTERSECTION,03 CURB,35,"September 9, 2019",14 URBAN PRIN ART OTHER,36,CURB&GUTTER,2,,0,,0,18,64500,RCI,2.5,0D45,45,4 INCAPACITATING INJURY,31 Q/C COMPLETED - LOC VERIFIED,0 NO,01 NOT AT INTERSECTION/RRX/BRIDGE,01 DAYLIGHT,02 CLOUDY,01 DRY,01 LEVEL,1 STRAIGHT,"TWO-WAY, DIVIDED, POSITIVE MED",,NO CONTROLS,NOT CODED,6,NONE,NOT CODED,NOT CODED,NONE,NOT CODED,NOT CODED,33 UTILITY POLE/LIGHT SUPPORT,77 OTHER (SEE NARRATIVE),01 STRAIGHT AHEAD,OPERATED MV IN CARLESS OR NEGL,NOT CODED,00 NOT CODED,00 NOT CODED,00 NOT CODED,00 NOT CODED,01 NO,1,0,1,0,1,0,1,1,N,N,N,N,Y,N,N,N,N,N,N,N,N,N,N,N,N,N,N,N,N,N,N,N,N,N,28.553600566,-81.320747553,468625.841787,3158571.997659,R,,ARBM15Q1R2,"January 7, 2023",2910338,-9052584.552707972,3318951.8305920996
2021885471260,2021,885471260,FHPD21OFF070580,FLORIDA HIGHWAY PATROL,05 FIFTH,ORANGE,"September 2, 2021",2252,FRIDAY,7546 ORLANDO,0746,N,I 4,SR 535,0.057,N,28.37471,-81.5069299,28.3780725,-81.5038953,75280000,2.708,04271,SR 400,I 4,L LEFT,1 THRU LANE 1,W WEST,01 INTERSTATE URBAN,01 INTERSTATE,01 NON-JUNCTION,01 ON ROADWAY,01 NOT AT INTERSECTION,01 PAVED,35,"March 2, 2020",11 URBAN PRIN ART INT.,36,PAVED WARN,12,,0,,0,64,209000,RCI,6.8,,60,4 INCAPACITATING INJURY,31 Q/C COMPLETED - LOC VERIFIED,0 NO,01 NOT AT INTERSECTION/RRX/BRIDGE,04 DARK-LIGHTED,01 CLEAR,02 WET,01 LEVEL,1 STRAIGHT,"TWO-WAY, DIVIDED, POSITIVE MED","TWO-WAY, DIVIDED, POSITIVE MED",NO CONTROLS,NO CONTROLS,6,NONE,NOT CODED,NOT CODED,NONE,NOT CODED,NOT CODED,14 MOTOR VEHICLE IN TRANSPORT,"04 SIDESWIPE, SAME DIRECTION",01 STRAIGHT AHEAD,OPERATED MV IN CARLESS OR NEGL,NO CONTRIBUTING ACTION,00 NOT CODED,00 NOT CODED,00 NOT CODED,00 NOT CODED,01 NO,1,0,1,0,3,0,3,3,N,N,N,N,Y,N,N,N,N,N,N,N,N,N,N,Y,N,N,N,N,N,N,N,N,N,N,28.37805162,-81.504324451,450587.329765,3139185.60223,L,,ARBM15Q1R2,"January 7, 2023",2910358,-9073020.244777624,3296722.27415137
2021885650040,2021,885650040,FHPD21OFF080472,FLORIDA HIGHWAY PATROL,05 FIFTH,ORANGE,"October 6, 2021",0300,THURSDAY,7546 ORLANDO,0746,N,US 441,ROSE AVE L,0.028,N,28.61973,-81.4425899,28.6201459,-81.4430459,75020000,5.657,00611,SR 500,US 441,L LEFT,2 THRU LANE 2,S SOUTH,20 URBAN 4-5LN 2WY DIVD RASD,02 U.S.,01 NON-JUNCTION,03 SHOULDER,01 NOT AT INTERSECTION,02 UNPAVED,40,"January 22, 2020",14 URBAN PRIN ART OTHER,23,CURB&GUTTER,6,,0,,0,20,28000,RCI,6.2,3D0000,45,1 NO INJURY,31 Q/C COMPLETED - LOC VERIFIED,0 NO,01 NOT AT INTERSECTION/RRX/BRIDGE,04 DARK-LIGHTED,01 CLEAR,01 DRY,01 LEVEL,3 CURVE LEFT,"TWO-WAY, DIVIDED, POSITIVE MED",,NO CONTROLS,NOT CODED,4,NONE,NOT CODED,NOT CODED,NONE,NOT CODED,NOT CODED,27 GUARDRAIL FACE,77 OTHER (SEE NARRATIVE),88 UNKNOWN,FAILED TO KEEP IN PROPER LANE,NOT CODED,00 NOT CODED,00 NOT CODED,00 NOT CODED,00 NOT CODED,01 NO,0,0,0,0,1,0,1,1,N,N,N,N,Y,N,N,N,N,N,Y,N,N,N,N,N,N,N,N,N,N,N,N,N,N,N,28.620157186,-81.443192902,456675.938823,3165983.736145,L,,ARBM15Q1R2,"January 7, 2023",2910364,-9066215.110864572,3327389.496169312
2021884771070,2021,884771070,FHPD21OFF027478,FLORIDA HIGHWAY PATROL,05 FIFTH,ORANGE,"April 10, 2021",2256,SUNDAY,7546 ORLANDO,0746,N,I 4,CENTRAL FLORIDA PKWY,0.038,N,28.4141682,-81.4743191,28.4106733,-81.4749242,75280000,5.56,00479,SR 400,I 4,M MEDIAN,M MIDDLE,W WEST,01 INTERSTATE URBAN,01 INTERSTATE,01 NON-JUNCTION,03 SHOULDER,01 NOT AT INTERSECTION,01 PAVED,35,"March 2, 2020",11 URBAN PRIN ART INT.,48,PAVED WARN,12,,0,,0,64,184000,RCI,8,2D0000,60,2 POSSIBLE INJURY,31 Q/C COMPLETED - LOC VERIFIED,0 NO,01 NOT AT INTERSECTION/RRX/BRIDGE,04 DARK-LIGHTED,02 CLOUDY,02 WET,01 LEVEL,1 STRAIGHT,"TWO-WAY, DIVIDED, POSITIVE MED","TWO-WAY, DIVIDED, POSITIVE MED",NO CONTROLS,NO CONTROLS,8,NONE,NOT CODED,NOT CODED,NONE,NOT CODED,NOT CODED,27 GUARDRAIL FACE,77 OTHER (SEE NARRATIVE),01 STRAIGHT AHEAD,OTHER CONTRIBUTING ACTION,NO CONTRIBUTING ACTION,00 NOT CODED,00 NOT CODED,00 NOT CODED,00 NOT CODED,01 NO,1,0,0,0,3,0,3,5,N,N,N,N,Y,N,N,N,N,N,Y,N,N,N,N,N,N,N,N,N,N,N,N,N,N,N,28.410689674,-81.474933878,453481.248056,3142789.667183,R,,ARBM15Q1R2,"January 7, 2023",2910407,-9069748.500308268,3300852.4005584456