Crash Id,Calendar Year,FDOT Crash Number,Reporting Agency Case Number,Reporting Agency Type,FDOT Managing District,County Name,Crash Date,Crash Time,Day,DHSMV City,Crash Report City Code,In Town,On Roadway Name,Int Roadway Name,Reference Distance (Miles),Reference Direction,Officer Latitude,Officer Longitude,FDOT Latitude,FDOT Longitude,FDOT Roadway,Nearest Inventory MP,Nearest Node From Crash,State Road #,US Highway,Crash Side of Road,Accident Lane Number,Travel Direction Vehicle 1,FDOT Road Category,DHSMV Road System Id,Relation to Junction,Crash Harmful Event Location,Intersection Type,Shoulder Type,FDOT Roadway SKID Test Result,FDOT Roadway SKID Test Date,Functional Class,RCI Surface Width,RCI Shoulder Type First,RCI Shoulder Width First,RCI Shoulder Type Second,RCI Shoulder Width Second,RCI Shoulder Type Third,RCI Shoulder Width Third,RCI Median Width,Avg Daily Traffic,AADT Source,RCI Avg Per Truck Traffic,RCI Horiz Curve Condition,Posted Speed Limit,Highest Injury in Crash,CAR Status Code,Alcohols/Drug Involved,Site Location,Lighting,Weather,Road Surface,Roadway Grade,Roadway Alignment,Traffic Way Vehicle 1,Traffic Way Vehicle 2,Traffic Control Vehicle 1,Traffic Control Vehicle 2,Count of Lanes,Road Condition 1,Road Condition 2,Road Condition 3,Environment Condition 1,Environment Condition 2,Environment Condition 3,Crash Harmful Event,Manner of Collision,Vehicle Movement,Driver Action Vehicle 1,Driver Action Vehicle 2,Location Within Workzone,Type of Workzone,Workers Present in Workzone,Law Enforcement Present in Workzone,School Bus Related,Count of Nonfatal Injuries,Count of Traffic Fatalities,Count of Serious Injuries,Count of Pedestrians,Count of Drivers,Count of Bicyclists,Count of Vehicles,Count of Persons,Wrong Way,Workzone Inv,Commercial Vehicle Inv,Intersection Inv,Lane Departure,Speeding,Agressive Driving,Impaired Driver,Impaired Pedestrian,Impaired Bicyclist,Distracted Driver,Speeding or Aggressive Driving,Pedestrian Related,Bicyclist Related,Pedestrian or Bicyclist Related,Motorcycle Inv,No Belt,No Belt - Ages 1-4,No Belt - Ages 5-12,No Belt - Ages 13-17,Driver - Ages Teen,Driver - Ages 65 plus,Driver - Ages 65-69,Driver - Ages 70-74,Driver - Ages 75-79,Driver - Ages 80 plus,ARBM Latitude,ARBM Longitude,UTM Zone 17N X,UTM Zone 17N Y,ARBM Side of Road,Urban Rural Indicator,GIS Street Source,Extract Date,OBJECTID,x,y
2021885141910,2021,885141910,FHPD21OFF045568,FLORIDA HIGHWAY PATROL,05 FIFTH,ORANGE,"June 11, 2021",0415,SATURDAY,7546 ORLANDO,0746,N,HASTINGS ST,SR 438,0.028,S,28.5774898,-81.4600143,28.5779672,-81.4599965,75250000,5.788,06007,SR 438,,R RIGHT,S SIDE OF ROAD,N NORTH,30 URBAN 6+LN 2WY DIVD RASD,04 COUNTY,01 NON-JUNCTION,02 OFF ROADWAY,01 NOT AT INTERSECTION,03 CURB,38,"September 8, 2019",16 URBAN MINOR ART,36,CURB&GUTTER,2,,0,,0,20,30500,RCI,4.3,,40,1 NO INJURY,31 Q/C COMPLETED - LOC VERIFIED,0 NO,01 NOT AT INTERSECTION/RRX/BRIDGE,04 DARK-LIGHTED,01 CLEAR,01 DRY,01 LEVEL,1 STRAIGHT,"TWO-WAY, NOT DIVIDED",,NO CONTROLS,NOT CODED,6,NONE,NOT CODED,NOT CODED,NONE,NOT CODED,NOT CODED,33 UTILITY POLE/LIGHT SUPPORT,77 OTHER (SEE NARRATIVE),01 STRAIGHT AHEAD,FAILED TO KEEP IN PROPER LANE,NOT CODED,00 NOT CODED,00 NOT CODED,00 NOT CODED,00 NOT CODED,01 NO,0,0,0,0,1,0,1,1,N,N,N,N,Y,N,N,N,N,N,N,N,N,N,N,N,N,N,N,N,N,N,N,N,N,N,28.577896179,-81.459952631,455019.590918,3161307.959909,R,,ARBM15Q1R2,"January 7, 2023",3162758,-9068080.795753254,3322031.2695408766
2021884923640,2021,884923640,FHPD21OFF035553,FLORIDA HIGHWAY PATROL,05 FIFTH,ORANGE,"May 8, 2021",0255,SUNDAY,7546 ORLANDO,0746,N,SR 528,INTERNATIONAL CORP PARK B,0.5,E,28.4513856,-81.1499531,28.4515794,-81.1573358,75002000,19.495,02986,SR 528,,R RIGHT,S SIDE OF ROAD,N NORTH,04 TOLL ROAD RURAL,03 STATE,01 NON-JUNCTION,02 OFF ROADWAY,01 NOT AT INTERSECTION,02 UNPAVED,37,"March 3, 2020",02 RURAL PRIN ART EXPR.,24,PAVED WARN,10,VALLEY GUTR,3.5,LAWN,12,40,23500,RCI,6.7,,70,4 INCAPACITATING INJURY,31 Q/C COMPLETED - LOC VERIFIED,0 NO,01 NOT AT INTERSECTION/RRX/BRIDGE,05 DARK-NOT LIGHTED,01 CLEAR,01 DRY,01 LEVEL,1 STRAIGHT,"TWO-WAY, DIVIDED, POSITIVE MED",,NO CONTROLS,NOT CODED,4,NONE,NOT CODED,NOT CODED,NONE,NOT CODED,NOT CODED,01 OVERTURN/ROLLOVER,77 OTHER (SEE NARRATIVE),01 STRAIGHT AHEAD,OPERATED MV IN CARLESS OR NEGL,NOT CODED,00 NOT CODED,00 NOT CODED,00 NOT CODED,00 NOT CODED,01 NO,1,0,1,0,1,0,1,1,N,N,N,N,Y,N,N,N,N,N,N,N,N,N,N,N,N,N,N,N,N,N,N,N,N,N,28.451578625,-81.157202005,484608.405383,3147237.757215,R,,ARBM15Q1R2,"January 7, 2023",3162803,-9034378.739916429,3306028.4198984336
2021884647260,2021,884647260,FHPD21OFF017530,FLORIDA HIGHWAY PATROL,05 FIFTH,ORANGE,"March 8, 2021",1905,TUESDAY,7546 ORLANDO,0746,N,SAND LAKE RD,JOHN YOUNG PKWY,0,,28.4501931,-81.4278929,28.450345,-81.4275775,75002000,2.981,01683,SR 482,,R RIGHT,3 THRU LANE 3,E EAST,33 SUBURBAN 6+LN 2WY DIVD RASD,03 STATE,02 INTERSECTION,01 ON ROADWAY,02 FOUR-WAY INTERSECTION,03 CURB,35,"March 3, 2020",16 URBAN MINOR ART,36,PAVED,4,LAWN,12,,0,40,31000,RCI,7.8,,45,4 INCAPACITATING INJURY,31 Q/C COMPLETED - LOC VERIFIED,0 NO,02 AT INTERSECTION,02 DUSK,01 CLEAR,01 DRY,01 LEVEL,1 STRAIGHT,"TWO-WAY, DIVIDED, POSITIVE MED","TWO-WAY, DIVIDED, POSITIVE MED",TRAFFIC CONTROL SIGNAL,TRAFFIC CONTROL SIGNAL,5,NONE,NOT CODED,NOT CODED,NONE,NOT CODED,NOT CODED,14 MOTOR VEHICLE IN TRANSPORT,03 ANGLE,01 STRAIGHT AHEAD,RAN RED LIGHT,NO CONTRIBUTING ACTION,00 NOT CODED,00 NOT CODED,00 NOT CODED,00 NOT CODED,01 NO,2,0,1,0,2,0,2,2,N,N,N,Y,N,N,N,N,N,N,N,N,N,N,N,N,N,N,N,N,N,N,N,N,N,N,28.45023468,-81.427569608,458136.091645,3147153.228245,R,,ARBM15Q1R2,"January 7, 2023",3162821,-9064475.932564665,3305858.2608898906
2021884376710,2021,884376710,FHPD21OFF000694,FLORIDA HIGHWAY PATROL,05 FIFTH,ORANGE,"January 3, 2021",0330,MONDAY,7546 ORLANDO,0746,N,SR 438,HIAWASSEE RD,0.133,W,28.5775,-81.4760899,28.5774876,-81.4782023,75250000,4.681,03073,SR 438,,L LEFT,3 THRU LANE 3,S SOUTH,30 URBAN 6+LN 2WY DIVD RASD,03 STATE,01 NON-JUNCTION,01 ON ROADWAY,01 NOT AT INTERSECTION,03 CURB,36,"September 8, 2019",16 URBAN MINOR ART,36,PAVED,4,CURB&GUTTER,2,,0,26,29500,RCI,4.5,,45,1 NO INJURY,31 Q/C COMPLETED - LOC VERIFIED,0 NO,01 NOT AT INTERSECTION/RRX/BRIDGE,04 DARK-LIGHTED,01 CLEAR,01 DRY,01 LEVEL,1 STRAIGHT,"TWO-WAY, DIVIDED, POSITIVE MED","TWO-WAY, DIVIDED, POSITIVE MED",NO CONTROLS,NO CONTROLS,6,NONE,NOT CODED,NOT CODED,NONE,NOT CODED,NOT CODED,14 MOTOR VEHICLE IN TRANSPORT,77 OTHER (SEE NARRATIVE),06 CHANGING LANES,OTHER CONTRIBUTING ACTION,SWERVED OR AVOIDED:  DUE TO WI,00 NOT CODED,00 NOT CODED,00 NOT CODED,00 NOT CODED,01 NO,0,0,0,0,2,0,2,2,N,N,N,N,Y,N,N,N,N,N,N,N,N,N,N,N,N,N,N,N,Y,N,N,N,N,N,28.577577994,-81.478181679,453236.744349,3161279.690783,L,,ARBM15Q1R2,"January 7, 2023",3162830,-9070110.044720912,3321990.935332556
2021884479490,2021,884479490,FHPD21OFF015027,FLORIDA HIGHWAY PATROL,05 FIFTH,ORANGE,"February 27, 2021",1720,SUNDAY,7546 ORLANDO,0746,N,SR 408,MILE MARKER #5,0.009,W,28.54898,-81.4573599,28.5495272,-81.458863,75008170,5.04,04568,SR 408,,L LEFT,2 THRU LANE 2,W WEST,03 TOLL ROAD URBAN,03 STATE,01 NON-JUNCTION,01 ON ROADWAY,01 NOT AT INTERSECTION,01 PAVED,40,"March 2, 2020",12 URBAN PRIN ART EXPR.,36,PAVED WARN,10,VALLEY GUTR,3.5,,0,25,86500,RCI,6.3,,65,5 FATAL(WITHIN 30 DAYS) INJURY,31 Q/C COMPLETED - LOC VERIFIED,1 ALC,01 NOT AT INTERSECTION/RRX/BRIDGE,01 DAYLIGHT,01 CLEAR,01 DRY,01 LEVEL,1 STRAIGHT,"TWO-WAY, DIVIDED, POSITIVE MED","TWO-WAY, DIVIDED, POSITIVE MED",NO CONTROLS,NO CONTROLS,6,NONE,NOT CODED,NOT CODED,NONE,NOT CODED,NOT CODED,14 MOTOR VEHICLE IN TRANSPORT,01 FRONT TO REAR,16 LEAVING TRAFFIC LANE,OPERATED MV IN CARLESS OR NEGL,NO CONTRIBUTING ACTION,00 NOT CODED,00 NOT CODED,00 NOT CODED,00 NOT CODED,01 NO,4,1,0,0,2,0,2,6,N,N,N,N,Y,N,N,Y,N,N,Y,N,N,N,N,N,Y,N,N,N,N,N,N,N,N,N,28.549696574,-81.458824284,455117.975012,3158183.409164,L,,ARBM15Q1R2,"January 7, 2023",3162835,-9067955.188577166,3318457.070191155
2021885119620,2021,885119620,FHPK21OFF059489,FLORIDA HIGHWAY PATROL,08 TURNPIKE,ORANGE,"October 27, 2021",1539,THURSDAY,7546 ORLANDO,0746,N,SR 91,I 4,0.019,S,28.4774111,-81.4481522,28.4783089,-81.4488105,75470000,10.358,03728,SR 91,,R RIGHT,S SIDE OF ROAD,N NORTH,03 TOLL ROAD URBAN,06 TURNPIKE/TOLL,01 NON-JUNCTION,03 SHOULDER,01 NOT AT INTERSECTION,01 PAVED,37,"November 11, 2019",12 URBAN PRIN ART EXPR.,48,PAVED WARN,12,,0,,0,26,99000,RCI,20.7,,70,4 INCAPACITATING INJURY,31 Q/C COMPLETED - LOC VERIFIED,0 NO,01 NOT AT INTERSECTION/RRX/BRIDGE,01 DAYLIGHT,03 RAIN,02 WET,01 LEVEL,1 STRAIGHT,"TWO-WAY, DIVIDED, POSITIVE MED","TWO-WAY, DIVIDED, POSITIVE MED",NO CONTROLS,NO CONTROLS,8,NONE,NOT CODED,NOT CODED,NONE,NOT CODED,NOT CODED,14 MOTOR VEHICLE IN TRANSPORT,01 FRONT TO REAR,01 STRAIGHT AHEAD,OTHER CONTRIBUTING ACTION,NO CONTRIBUTING ACTION,04 ACTIVITY AREA,03 WORK ON SHOULDER OR MEDIAN,02 YES,01 NO,01 NO,3,0,2,0,2,0,2,3,N,Y,N,N,Y,N,N,N,N,N,N,N,N,N,N,N,N,N,N,N,N,N,N,N,N,N,28.478282817,-81.44881067,456067.929214,3150268.105146,R,,ARBM15Q1R2,"January 7, 2023",3162864,-9066840.477530377,3309409.9085432845
2021885623310,2021,885623310,FHPD21OFF069524,FLORIDA HIGHWAY PATROL,05 FIFTH,ORANGE,"August 30, 2021",1450,TUESDAY,7546 ORLANDO,0746,N,US 441,AMERICANA BLVD,0.152,N,28.4865892,-81.3967217,28.4864358,-81.3967646,75010000,9.592,02477,SR 500,US 17,R RIGHT,2 THRU LANE 2,W WEST,30 URBAN 6+LN 2WY DIVD RASD,02 U.S.,04 DRIVEWAY/ALLEY ACCESS RELATED,01 ON ROADWAY,01 NOT AT INTERSECTION,03 CURB,38,"March 1, 2020",14 URBAN PRIN ART OTHER,32,CURB&GUTTER,2,,0,,0,15,43000,RCI,6.2,,40,4 INCAPACITATING INJURY,31 Q/C COMPLETED - LOC VERIFIED,0 NO,04 DRIVEWAY ACCESS,01 DAYLIGHT,02 CLOUDY,01 DRY,01 LEVEL,1 STRAIGHT,"TWO-WAY, DIVIDED, UNPROTECTED","TWO-WAY, DIVIDED, UNPROTECTED",NO CONTROLS,NO CONTROLS,6,NONE,NOT CODED,NOT CODED,NONE,NOT CODED,NOT CODED,14 MOTOR VEHICLE IN TRANSPORT,03 ANGLE,01 STRAIGHT AHEAD,FAILED TO YIELD RIGHT-OF-WAY,NO CONTRIBUTING ACTION,00 NOT CODED,00 NOT CODED,00 NOT CODED,00 NOT CODED,01 NO,3,0,2,0,2,0,2,3,N,N,N,N,N,N,N,N,N,N,N,N,N,N,N,N,N,N,N,N,Y,Y,N,N,Y,N,28.486439845,-81.39669196,461172.628259,3151153.827334,R,,ARBM15Q1R2,"January 7, 2023",3163297,-9061038.647612281,3310442.9845776376
2021885623340,2021,885623340,FHPD21OFF069876,FLORIDA HIGHWAY PATROL,05 FIFTH,ORANGE,"August 31, 2021",1910,WEDNESDAY,7546 ORLANDO,0746,N,PINE HILLS RD,SR 50,0.038,S,28.5518615,-81.4474554,28.5525093,-81.4474665,75050000,12.825,02143,SR 50,,S SIDE RD RIGHT,2 THRU LANE 2,N NORTH,30 URBAN 6+LN 2WY DIVD RASD,04 COUNTY,01 NON-JUNCTION,01 ON ROADWAY,01 NOT AT INTERSECTION,03 CURB,43,"July 27, 2021",14 URBAN PRIN ART OTHER,36,PAVED WARN,8,CURB&GUTTER,2,,0,41,39000,RCI,4.7,,45,4 INCAPACITATING INJURY,31 Q/C COMPLETED - LOC VERIFIED,0 NO,03 INFLUENCED BY INTERSECTION,01 DAYLIGHT,02 CLOUDY,02 WET,01 LEVEL,1 STRAIGHT,"TWO-WAY, NOT DIVIDED","TWO-WAY, NOT DIVIDED",NO CONTROLS,NO CONTROLS,6,"RD SURFC (WET, ICY, SNOW, ETC)",NOT CODED,NOT CODED,NONE,NOT CODED,NOT CODED,15 PARKED MOTOR VEHICLE,"04 SIDESWIPE, SAME DIRECTION",01 STRAIGHT AHEAD,OPERATED MV IN CARLESS OR NEGL,NO CONTRIBUTING ACTION,00 NOT CODED,00 NOT CODED,00 NOT CODED,00 NOT CODED,01 NO,3,0,1,0,3,0,3,3,N,N,N,Y,N,N,N,N,N,N,N,N,N,N,N,N,N,N,N,N,N,Y,Y,N,N,N,28.552395546,-81.447467464,456230.023623,3158478.218004,R,,ARBM15Q1R2,"January 7, 2023",3163298,-9066690.95283799,3318799.11380149
2021885365080,2021,885365080,FHPD21OFF058866,FLORIDA HIGHWAY PATROL,05 FIFTH,ORANGE,"July 25, 2021",0208,MONDAY,7546 ORLANDO,0746,N,SR 417,MILE MARKER #28 R,0,,28.48983,-81.2424299,28.483666,-81.2408783,75300000,1.788,03737,SR 417,,M MEDIAN,M MIDDLE,S SOUTH,03 TOLL ROAD URBAN,03 STATE,01 NON-JUNCTION,02 OFF ROADWAY,01 NOT AT INTERSECTION,03 CURB,39,"July 27, 2021",12 URBAN PRIN ART EXPR.,36,PAVED WARN,10,LAWN,12,,0,40,109000,RCI,6.4,,70,1 NO INJURY,31 Q/C COMPLETED - LOC VERIFIED,0 NO,01 NOT AT INTERSECTION/RRX/BRIDGE,04 DARK-LIGHTED,01 CLEAR,01 DRY,01 LEVEL,1 STRAIGHT,"TWO-WAY, DIVIDED, POSITIVE MED",,NO CONTROLS,NOT CODED,6,NONE,NOT CODED,NOT CODED,NONE,NOT CODED,NOT CODED,27 GUARDRAIL FACE,77 OTHER (SEE NARRATIVE),77 OTHER (SEE NARRATIVE),OPERATED MV IN CARLESS OR NEGL,NOT CODED,00 NOT CODED,00 NOT CODED,00 NOT CODED,00 NOT CODED,01 NO,0,0,0,0,1,0,1,1,N,N,Y,N,Y,N,N,N,N,N,N,N,N,N,N,N,N,N,N,N,N,N,N,N,N,N,28.48366622,-81.24089952,476420.712608,3150806.088372,R,,ARBM15Q1R2,"January 7, 2023",3163319,-9043695.90748166,3310091.7005964243
2021884665570,2021,884665570,FHPK21OFF056755,FLORIDA HIGHWAY PATROL,08 TURNPIKE,ORANGE,"October 14, 2021",1708,FRIDAY,7546 ORLANDO,0746,N,SR 528,MILE MARKER #3,0,,28.4210514,-81.4316419,28.4211963,-81.4255956,75471000,2.946,03282,SR 528,,R RIGHT,S SIDE OF ROAD,E EAST,03 TOLL ROAD URBAN,06 TURNPIKE/TOLL,01 NON-JUNCTION,03 SHOULDER,01 NOT AT INTERSECTION,01 PAVED,37,"November 12, 2019",12 URBAN PRIN ART EXPR.,60,PAVED WARN,8,VALLEY GUTR,3.5,,0,28,78600,RCI,11,2D0000,55,2 POSSIBLE INJURY,31 Q/C COMPLETED - LOC VERIFIED,0 NO,01 NOT AT INTERSECTION/RRX/BRIDGE,01 DAYLIGHT,01 CLEAR,01 DRY,01 LEVEL,1 STRAIGHT,"TWO-WAY, DIVIDED, POSITIVE MED",,NO CONTROLS,NOT CODED,9,NONE,NOT CODED,NOT CODED,NONE,NOT CODED,NOT CODED,33 UTILITY POLE/LIGHT SUPPORT,77 OTHER (SEE NARRATIVE),01 STRAIGHT AHEAD,OPERATED MV IN CARLESS OR NEGL,NOT CODED,00 NOT CODED,00 NOT CODED,00 NOT CODED,00 NOT CODED,01 NO,1,0,0,0,1,0,1,1,N,N,N,N,Y,N,N,N,N,N,Y,N,N,N,N,N,N,N,N,N,N,N,N,N,N,N,28.421195787,-81.425488282,458328.502902,3143935.464757,R,,ARBM15Q1R2,"January 7, 2023",3163326,-9064244.24029352,3302182.149447802
2021885713920,2021,885713920,FHPD21OFF079074,FLORIDA HIGHWAY PATROL,05 FIFTH,ORANGE,"October 1, 2021",0238,SATURDAY,7546 ORLANDO,0746,N,SAND LAKE RD,I 4,0,,28.44986,-81.4719599,28.4499443,-81.4734923,75002000,0.186,01674,SR 482,,L LEFT,2 THRU LANE 2,E EAST,30 URBAN 6+LN 2WY DIVD RASD,03 STATE,02 INTERSECTION,01 ON ROADWAY,02 FOUR-WAY INTERSECTION,03 CURB,37,"March 3, 2020",17 URBAN MAJOR COLLECTOR,38,RAISED CURB,2,,0,,0,30,28000,RCI,4.3,,40,4 INCAPACITATING INJURY,31 Q/C COMPLETED - LOC VERIFIED,0 NO,02 AT INTERSECTION,04 DARK-LIGHTED,01 CLEAR,01 DRY,01 LEVEL,1 STRAIGHT,"TWO-WAY, DIVIDED, POSITIVE MED","TWO-WAY, DIVIDED, POSITIVE MED",TRAFFIC CONTROL SIGNAL,TRAFFIC CONTROL SIGNAL,6,NONE,NOT CODED,NOT CODED,NONE,NOT CODED,NOT CODED,14 MOTOR VEHICLE IN TRANSPORT,03 ANGLE,03 TURNING LEFT,FAILED TO YIELD RIGHT-OF-WAY,NO CONTRIBUTING ACTION,00 NOT CODED,00 NOT CODED,00 NOT CODED,00 NOT CODED,01 NO,2,0,1,0,2,0,2,2,N,N,N,Y,N,N,N,N,N,N,Y,N,N,N,N,N,N,N,N,N,N,N,N,N,N,N,28.45004987,-81.473491403,453639.693416,3147149.597812,L,,ARBM15Q1R2,"January 7, 2023",3163347,-9069587.924949907,3305834.8620403577
2021884358420,2021,884358420,FHPD21OFF007004,FLORIDA HIGHWAY PATROL,05 FIFTH,ORANGE,"January 29, 2021",0302,SATURDAY,7546 ORLANDO,0746,N,FT JEFFERSON BLVD,SR 551,0.005,E,28.4860895,-81.2852806,28.486099,-81.2853798,75200000,0.626,03255,SR 551,,S SIDE RD RIGHT,M MIDDLE,N NORTH,20 URBAN 4-5LN 2WY DIVD RASD,05 LOCAL,01 NON-JUNCTION,04 MEDIAN,01 NOT AT INTERSECTION,03 CURB,28,"February 11, 2020",16 URBAN MINOR ART,26,CURB&GUTTER,2,,0,,0,22,33500,RCI,3.7,,45,1 NO INJURY,31 Q/C COMPLETED - LOC VERIFIED,0 NO,01 NOT AT INTERSECTION/RRX/BRIDGE,04 DARK-LIGHTED,01 CLEAR,01 DRY,01 LEVEL,1 STRAIGHT,"TWO-WAY, DIVIDED, POSITIVE MED",,NO CONTROLS,NOT CODED,4,NONE,NOT CODED,NOT CODED,NONE,NOT CODED,NOT CODED,33 UTILITY POLE/LIGHT SUPPORT,77 OTHER (SEE NARRATIVE),05 TURNING RIGHT,OPERATED MV IN CARLESS OR NEGL,NOT CODED,00 NOT CODED,00 NOT CODED,00 NOT CODED,00 NOT CODED,01 NO,0,0,0,0,1,0,1,1,N,N,N,N,Y,N,N,N,N,N,Y,N,N,N,N,N,N,N,N,N,N,N,N,N,N,N,28.485522038,-81.28530089,472075.168756,3151021.200457,R,,ARBM15Q1R2,"January 7, 2023",3163414,-9048638.646772303,3310326.742116234
2021884488190,2021,884488190,FHPD21OFF005077,FLORIDA HIGHWAY PATROL,08 TURNPIKE,ORANGE,"January 21, 2021",1420,FRIDAY,7546 ORLANDO,0746,N,SR 528,MILE MARKER #31,0,,28.4526597,-80.9718216,28.452495,-80.9764669,75475000,0.178,02903,SR 528,,L LEFT,1 THRU LANE 1,W WEST,04 TOLL ROAD RURAL,03 STATE,01 NON-JUNCTION,01 ON ROADWAY,01 NOT AT INTERSECTION,02 UNPAVED,41,"October 25, 2020",02 RURAL PRIN ART EXPR.,24,PAVED WARN,8,VALLEY GUTR,3.5,,0,40,47000,RCI,11,,70,4 INCAPACITATING INJURY,31 Q/C COMPLETED - LOC VERIFIED,0 NO,01 NOT AT INTERSECTION/RRX/BRIDGE,01 DAYLIGHT,01 CLEAR,01 DRY,01 LEVEL,1 STRAIGHT,"TWO-WAY, DIVIDED, POSITIVE MED","TWO-WAY, DIVIDED, POSITIVE MED",NO CONTROLS,NO CONTROLS,4,NONE,NOT CODED,NOT CODED,NONE,NOT CODED,NOT CODED,14 MOTOR VEHICLE IN TRANSPORT,"04 SIDESWIPE, SAME DIRECTION",06 CHANGING LANES,FAILED TO KEEP IN PROPER LANE,NO CONTRIBUTING ACTION,00 NOT CODED,00 NOT CODED,00 NOT CODED,00 NOT CODED,01 NO,7,0,2,0,2,0,2,8,N,N,N,N,Y,N,N,N,N,N,N,N,N,N,N,N,N,N,N,N,N,N,N,N,N,N,28.45268465,-80.97661657,502289.438305,3147350.448465,L,,ARBM15Q1R2,"January 7, 2023",3163924,-9014276.05535186,3306168.456960568
2021885638520,2021,885638520,FHPK21OFF046620,FLORIDA HIGHWAY PATROL,08 TURNPIKE,ORANGE,"August 26, 2021",0745,FRIDAY,7546 ORLANDO,0746,N,SR 91,US 441,0.15,N,28.4168899,-81.3918699,28.4317551,-81.4068242,75470000,6.23,01429,SR 91,,R RIGHT,S SIDE OF ROAD,N NORTH,03 TOLL ROAD URBAN,06 TURNPIKE/TOLL,01 NON-JUNCTION,02 OFF ROADWAY,01 NOT AT INTERSECTION,01 PAVED,40,"November 11, 2019",12 URBAN PRIN ART EXPR.,48,PAVED WARN,15,VALLEY GUTR,3.5,,0,26,89400,RCI,20.7,0D4500,70,2 POSSIBLE INJURY,31 Q/C COMPLETED - LOC VERIFIED,0 NO,01 NOT AT INTERSECTION/RRX/BRIDGE,01 DAYLIGHT,03 RAIN,02 WET,04 DOWNHILL,1 STRAIGHT,"TWO-WAY, DIVIDED, POSITIVE MED",,NO CONTROLS,NOT CODED,7,NONE,NOT CODED,NOT CODED,NONE,NOT CODED,NOT CODED,27 GUARDRAIL FACE,77 OTHER (SEE NARRATIVE),01 STRAIGHT AHEAD,SWERVED OR AVOIDED:  DUE TO WI,NOT CODED,00 NOT CODED,00 NOT CODED,00 NOT CODED,00 NOT CODED,01 NO,2,0,0,0,1,0,1,2,N,N,N,N,Y,N,N,N,N,N,N,N,N,N,N,N,N,N,N,N,N,N,N,N,N,N,28.431733096,-81.406789607,460163.777655,3145096.494807,R,,ARBM15Q1R2,"January 7, 2023",3163951,-9062162.71267358,3303515.979160535
2021884285090,2021,884285090,FHPK21OFF035728,FLORIDA HIGHWAY PATROL,08 TURNPIKE,ORANGE,"July 6, 2021",0620,WEDNESDAY,7546 ORLANDO,0746,N,SR 91,I 4,3,N,28.5036099,-81.48444,28.5057732,-81.487373,75470000,13.436,08893,SR 91,,L LEFT,S SIDE OF ROAD,S SOUTH,03 TOLL ROAD URBAN,06 TURNPIKE/TOLL,01 NON-JUNCTION,01 ON ROADWAY,01 NOT AT INTERSECTION,01 PAVED,34,"July 28, 2021",12 URBAN PRIN ART EXPR.,48,PAVED WARN,8,VALLEY GUTR,3.5,,0,26,112000,RCI,20.7,,70,1 NO INJURY,31 Q/C COMPLETED - LOC VERIFIED,0 NO,01 NOT AT INTERSECTION/RRX/BRIDGE,03 DAWN,03 RAIN,02 WET,01 LEVEL,1 STRAIGHT,"TWO-WAY, DIVIDED, POSITIVE MED",,NO CONTROLS,NOT CODED,8,"RD SURFC (WET, ICY, SNOW, ETC)",NOT CODED,NOT CODED,WEATHER CONDITIONS,NOT CODED,NOT CODED,27 GUARDRAIL FACE,77 OTHER (SEE NARRATIVE),01 STRAIGHT AHEAD,DROVE TOO FAST FOR CONDITIONS,NOT CODED,00 NOT CODED,00 NOT CODED,00 NOT CODED,00 NOT CODED,01 NO,0,0,0,0,1,0,1,2,N,N,N,N,Y,Y,N,N,N,N,N,Y,N,N,N,N,N,N,N,N,N,N,N,N,N,N,28.505572557,-81.487520305,452291.039684,3153306.170587,L,,ARBM15Q1R2,"January 7, 2023",3163972,-9071149.615740055,3312866.4279706203
2021884446610,2021,884446610,FHPD21OFF006981,FLORIDA HIGHWAY PATROL,05 FIFTH,ORANGE,"January 29, 2021",0007,SATURDAY,7546 ORLANDO,0746,N,SR 528,SR 520,0.001,W,28.4517884,-80.9786917,28.4514903,-80.978491,75002006,0.271,05315,SR 528,,R RIGHT,X RAMP,E EAST,08 RAMP RURAL,03 STATE,01 NON-JUNCTION,04 MEDIAN,02 FOUR-WAY INTERSECTION,02 UNPAVED,0,"December 31, 2000",,14,CURB&GUTTER,2,,0,,0,,4400,RCI,6.7,,,4 INCAPACITATING INJURY,31 Q/C COMPLETED - LOC VERIFIED,1 ALC,08 EXIT RAMP,05 DARK-NOT LIGHTED,01 CLEAR,01 DRY,01 LEVEL,3 CURVE LEFT,ONE-WAY TRAFFICWAY,,STOP SIGN,NOT CODED,1,NONE,NOT CODED,NOT CODED,NONE,NOT CODED,NOT CODED,23 CULVERT,77 OTHER (SEE NARRATIVE),01 STRAIGHT AHEAD,OPERATED MV IN CARLESS OR NEGL,NOT CODED,00 NOT CODED,00 NOT CODED,00 NOT CODED,00 NOT CODED,01 NO,1,0,1,0,1,0,1,1,N,N,N,N,Y,N,N,Y,N,N,N,N,N,N,N,N,N,N,N,N,N,N,N,N,N,N,28.451504607,-80.978483828,502106.64106,3147219.6863,O,,ARBM15Q1R2,"January 7, 2023",3164485,-9014483.917636966,3306019.0489898557