Crash Id,Calendar Year,FDOT Crash Number,Reporting Agency Case Number,Reporting Agency Type,FDOT Managing District,County Name,Crash Date,Crash Time,Day,DHSMV City,Crash Report City Code,In Town,On Roadway Name,Int Roadway Name,Reference Distance (Miles),Reference Direction,Officer Latitude,Officer Longitude,FDOT Latitude,FDOT Longitude,FDOT Roadway,Nearest Inventory MP,Nearest Node From Crash,State Road #,US Highway,Crash Side of Road,Accident Lane Number,Travel Direction Vehicle 1,FDOT Road Category,DHSMV Road System Id,Relation to Junction,Crash Harmful Event Location,Intersection Type,Shoulder Type,FDOT Roadway SKID Test Result,FDOT Roadway SKID Test Date,Functional Class,RCI Surface Width,RCI Shoulder Type First,RCI Shoulder Width First,RCI Shoulder Type Second,RCI Shoulder Width Second,RCI Shoulder Type Third,RCI Shoulder Width Third,RCI Median Width,Avg Daily Traffic,AADT Source,RCI Avg Per Truck Traffic,RCI Horiz Curve Condition,Posted Speed Limit,Highest Injury in Crash,CAR Status Code,Alcohols/Drug Involved,Site Location,Lighting,Weather,Road Surface,Roadway Grade,Roadway Alignment,Traffic Way Vehicle 1,Traffic Way Vehicle 2,Traffic Control Vehicle 1,Traffic Control Vehicle 2,Count of Lanes,Road Condition 1,Road Condition 2,Road Condition 3,Environment Condition 1,Environment Condition 2,Environment Condition 3,Crash Harmful Event,Manner of Collision,Vehicle Movement,Driver Action Vehicle 1,Driver Action Vehicle 2,Location Within Workzone,Type of Workzone,Workers Present in Workzone,Law Enforcement Present in Workzone,School Bus Related,Count of Nonfatal Injuries,Count of Traffic Fatalities,Count of Serious Injuries,Count of Pedestrians,Count of Drivers,Count of Bicyclists,Count of Vehicles,Count of Persons,Wrong Way,Workzone Inv,Commercial Vehicle Inv,Intersection Inv,Lane Departure,Speeding,Agressive Driving,Impaired Driver,Impaired Pedestrian,Impaired Bicyclist,Distracted Driver,Speeding or Aggressive Driving,Pedestrian Related,Bicyclist Related,Pedestrian or Bicyclist Related,Motorcycle Inv,No Belt,No Belt - Ages 1-4,No Belt - Ages 5-12,No Belt - Ages 13-17,Driver - Ages Teen,Driver - Ages 65 plus,Driver - Ages 65-69,Driver - Ages 70-74,Driver - Ages 75-79,Driver - Ages 80 plus,ARBM Latitude,ARBM Longitude,UTM Zone 17N X,UTM Zone 17N Y,ARBM Side of Road,Urban Rural Indicator,GIS Street Source,Extract Date,OBJECTID,x,y
2021244253010,2021,244253010,2021-00297399,COUNTY SHERIFF'S OFFICE,05 FIFTH,ORANGE,"September 6, 2021",1854,TUESDAY,7546 ORLANDO,0746,Y,JOHN YOUNG PKWY,SILVER STAR RD,0.005,S,0,0,28.5781402,-81.4164287,75190000,4.979,06025,SR 423,,L LEFT,C CROSSWALK,S SOUTH,30 URBAN 6+LN 2WY DIVD RASD,04 COUNTY,02 INTERSECTION,01 ON ROADWAY,02 FOUR-WAY INTERSECTION,01 PAVED,44,"June 28, 2021",14 URBAN PRIN ART OTHER,34,PAVED,7,CURB&GUTTER,2,,0,30,34000,RCI,14.2,,45,4 INCAPACITATING INJURY,31 Q/C COMPLETED - LOC VERIFIED,0 NO,02 AT INTERSECTION,01 DAYLIGHT,03 RAIN,01 DRY,01 LEVEL,1 STRAIGHT,,"TWO-WAY, DIVIDED, POSITIVE MED",NOT CODED,FLASHING SIGNAL,6,NONE,NOT CODED,NOT CODED,NONE,NOT CODED,NOT CODED,10 PEDESTRIAN,77 OTHER (SEE NARRATIVE),03 TURNING LEFT,NOT CODED,NO CONTRIBUTING ACTION,00 NOT CODED,00 NOT CODED,00 NOT CODED,00 NOT CODED,01 NO,1,0,1,1,1,0,1,2,N,N,N,Y,N,N,N,N,N,N,N,N,Y,N,Y,N,N,N,N,N,N,N,N,N,N,N,28.578219694,-81.416543444,459264.897817,3161328.268018,L,,ARBM15Q1R2,"January 7, 2023",3279790,-9063248.505794542,3322072.2795862025
2021240729530,2021,240729530,2021-00054789,COUNTY SHERIFF'S OFFICE,05 FIFTH,ORANGE,"February 15, 2021",1938,TUESDAY,7546 ORLANDO,0746,Y,SR 436,T G LEE BLVD,0,,0,0,28.4604568,-81.3100345,75003000,0.652,01725,SR 436,,R RIGHT,3 THRU LANE 3,N NORTH,30 URBAN 6+LN 2WY DIVD RASD,03 STATE,01 NON-JUNCTION,01 ON ROADWAY,02 FOUR-WAY INTERSECTION,03 CURB,36,"March 2, 2020",14 URBAN PRIN ART OTHER,36,CURB&GUTTER,2,LAWN,12,,0,38,70500,RCI,6.8,,45,5 FATAL(WITHIN 30 DAYS) INJURY,31 Q/C COMPLETED - LOC VERIFIED,0 NO,02 AT INTERSECTION,04 DARK-LIGHTED,01 CLEAR,01 DRY,01 LEVEL,1 STRAIGHT,"TWO-WAY, DIVIDED, POSITIVE MED",,TRAFFIC CONTROL SIGNAL,NOT CODED,6,NONE,NOT CODED,NOT CODED,NONE,NOT CODED,NOT CODED,10 PEDESTRIAN,77 OTHER (SEE NARRATIVE),01 STRAIGHT AHEAD,NO CONTRIBUTING ACTION,NOT CODED,00 NOT CODED,00 NOT CODED,00 NOT CODED,00 NOT CODED,01 NO,0,1,0,1,1,0,1,2,N,N,N,Y,N,N,N,N,N,N,N,N,Y,N,Y,N,N,N,N,N,N,N,N,N,N,N,28.460316023,-81.309926914,469657.596108,3148234.756755,R,,ARBM15Q1R2,"January 7, 2023",3280331,-9051380.004047303,3307134.721697676
2021244241420,2021,244241420,2021-00331166,COUNTY SHERIFF'S OFFICE,05 FIFTH,ORANGE,"October 3, 2021",1022,MONDAY,7546 ORLANDO,0746,Y,COLONIAL DR,JOHN YOUNG PKWY,0.028,E,0,0,28.5528127,-81.4133813,75050000,14.897,05061,SR 50,,L LEFT,1 THRU LANE 1,E EAST,30 URBAN 6+LN 2WY DIVD RASD,03 STATE,01 NON-JUNCTION,01 ON ROADWAY,01 NOT AT INTERSECTION,01 PAVED,36,"July 27, 2021",14 URBAN PRIN ART OTHER,36,PAVED WARN,8,CURB&GUTTER,2,,0,41,33500,RCI,4.7,,45,3 NO-INCAPACITATING INJURY,31 Q/C COMPLETED - LOC VERIFIED,0 NO,03 INFLUENCED BY INTERSECTION,01 DAYLIGHT,01 CLEAR,01 DRY,01 LEVEL,1 STRAIGHT,"TWO-WAY, DIVIDED, POSITIVE MED","TWO-WAY, DIVIDED, POSITIVE MED",NO CONTROLS,NO CONTROLS,6,NONE,NOT CODED,NOT CODED,NONE,NOT CODED,NOT CODED,14 MOTOR VEHICLE IN TRANSPORT,01 FRONT TO REAR,06 CHANGING LANES,IMPROPER PASSING,NO CONTRIBUTING ACTION,00 NOT CODED,00 NOT CODED,00 NOT CODED,00 NOT CODED,01 NO,3,0,0,1,2,0,2,5,N,N,N,Y,N,N,Y,N,N,N,N,Y,Y,N,Y,N,N,N,N,N,N,N,N,N,N,N,28.552918861,-81.413366788,459565.886315,3158524.216717,L,,ARBM15Q1R2,"January 7, 2023",3282339,-9062894.881775456,3318865.4351793425
2021244282060,2021,244282060,2021-00324045,COUNTY SHERIFF'S OFFICE,05 FIFTH,ORANGE,"September 27, 2021",2146,TUESDAY,7546 ORLANDO,0746,Y,SR 435,CONROY RD,0.019,S,0,0,28.4934531,-81.4589472,75270000,3.044,02504,SR 435,,R RIGHT,4 THRU LANE 4,N NORTH,33 SUBURBAN 6+LN 2WY DIVD RASD,03 STATE,01 NON-JUNCTION,01 ON ROADWAY,01 NOT AT INTERSECTION,03 CURB,28,"March 14, 2017",14 URBAN PRIN ART OTHER,34,PAVED,8,LAWN,12,,0,40,50500,RCI,3,,50,5 FATAL(WITHIN 30 DAYS) INJURY,31 Q/C COMPLETED - LOC VERIFIED,1 ALC,01 NOT AT INTERSECTION/RRX/BRIDGE,04 DARK-LIGHTED,01 CLEAR,01 DRY,01 LEVEL,1 STRAIGHT,"TWO-WAY, DIVIDED, POSITIVE MED",,NO CONTROLS,NOT CODED,6,NONE,NOT CODED,NOT CODED,NONE,NOT CODED,NOT CODED,10 PEDESTRIAN,77 OTHER (SEE NARRATIVE),06 CHANGING LANES,NO CONTRIBUTING ACTION,NOT CODED,00 NOT CODED,00 NOT CODED,00 NOT CODED,00 NOT CODED,01 NO,0,1,0,1,1,0,1,2,N,N,N,N,N,N,N,N,Y,N,N,N,Y,N,Y,N,N,N,N,N,N,N,N,N,N,N,28.493770459,-81.45883687,455093.051479,3151987.609579,R,,ARBM15Q1R2,"January 7, 2023",3282364,-9067956.589361899,3311371.464286439
2021240713560,2021,240713560,2021-00042094,COUNTY SHERIFF'S OFFICE,05 FIFTH,ORANGE,"February 5, 2021",2122,SATURDAY,7546 ORLANDO,0746,Y,KIRKMAN RD S,WINDHOVER DR,0.009,S,0,0,28.4853066,-81.4588667,75270000,2.487,00121,SR 435,,L LEFT,4 THRU LANE 4,S SOUTH,30 URBAN 6+LN 2WY DIVD RASD,05 LOCAL,02 INTERSECTION,01 ON ROADWAY,03 T-INTERSECTION,01 PAVED,27,"February 11, 2020",14 URBAN PRIN ART OTHER,34,PAVED,4,CURB&GUTTER,2,,0,40,50500,RCI,3,,50,4 INCAPACITATING INJURY,31 Q/C COMPLETED - LOC VERIFIED,0 NO,03 INFLUENCED BY INTERSECTION,05 DARK-NOT LIGHTED,01 CLEAR,01 DRY,01 LEVEL,1 STRAIGHT,"TWO-WAY, NOT DIVIDED",,NO CONTROLS,NOT CODED,8,NONE,NOT CODED,NOT CODED,NONE,NOT CODED,NOT CODED,14 MOTOR VEHICLE IN TRANSPORT,77 OTHER (SEE NARRATIVE),01 STRAIGHT AHEAD,NO CONTRIBUTING ACTION,NOT CODED,00 NOT CODED,00 NOT CODED,00 NOT CODED,00 NOT CODED,01 NO,1,0,1,1,1,0,1,3,N,N,N,Y,N,N,N,N,N,N,N,N,Y,N,Y,N,N,N,N,N,N,N,N,N,N,N,28.485295042,-81.459001685,455073.332533,3151048.722037,L,,ARBM15Q1R2,"January 7, 2023",3282554,-9067974.936565643,3310297.991905795
2021244205010,2021,244205010,2021-00160161,COUNTY SHERIFF'S OFFICE,05 FIFTH,ORANGE,"May 14, 2021",0516,SATURDAY,7546 ORLANDO,0746,Y,SR 436,LEE VISTA BLVD,0.005,S,0,0,28.4690039,-81.3100716,75003000,1.24,02796,SR 436,,L LEFT,C CROSSWALK,S SOUTH,30 URBAN 6+LN 2WY DIVD RASD,03 STATE,01 NON-JUNCTION,01 ON ROADWAY,02 FOUR-WAY INTERSECTION,03 CURB,36,"March 2, 2020",14 URBAN PRIN ART OTHER,36,PAVED,4,CURB&GUTTER,2,,0,32,55564,RCI,3,,50,4 INCAPACITATING INJURY,31 Q/C COMPLETED - LOC VERIFIED,0 NO,02 AT INTERSECTION,04 DARK-LIGHTED,01 CLEAR,01 DRY,01 LEVEL,1 STRAIGHT,"TWO-WAY, DIVIDED, POSITIVE MED",,TRAFFIC CONTROL SIGNAL,NOT CODED,6,NONE,NOT CODED,NOT CODED,NONE,NOT CODED,NOT CODED,14 MOTOR VEHICLE IN TRANSPORT,77 OTHER (SEE NARRATIVE),05 TURNING RIGHT,IMPROPER PASSING,NOT CODED,00 NOT CODED,00 NOT CODED,00 NOT CODED,00 NOT CODED,01 NO,1,0,1,1,1,0,1,2,N,N,N,Y,N,N,Y,N,N,N,Y,Y,Y,N,Y,N,N,N,N,N,N,N,N,N,N,N,28.468973209,-81.310176914,469635.595215,3149193.893644,L,,ARBM15Q1R2,"January 7, 2023",3282862,-9051407.833912376,3308230.9579135804
2021240729370,2021,240729370,2021-00059294,COUNTY SHERIFF'S OFFICE,05 FIFTH,ORANGE,"February 19, 2021",1437,SATURDAY,7546 ORLANDO,0746,Y,SOUTH ST E,CRYSTAL LAKE DR,0.005,E,0,0,28.5387395,-81.3433266,75080000,17.747,06505,SR 15,,R RIGHT,C CROSSWALK,W WEST,40 URBAN ONE WAY,03 STATE,02 INTERSECTION,01 ON ROADWAY,77 OTHER (SEE NARRATIVE),03 CURB,40,"July 26, 2021",17 URBAN MAJOR COLLECTOR,23,CURB&GUTTER,2,,0,,0,,16000,RCI,4.4,,30,3 NO-INCAPACITATING INJURY,31 Q/C COMPLETED - LOC VERIFIED,0 NO,02 AT INTERSECTION,01 DAYLIGHT,01 CLEAR,01 DRY,01 LEVEL,1 STRAIGHT,"TWO-WAY, DIVIDED, POSITIVE MED",,TRAFFIC CONTROL SIGNAL,NOT CODED,2,NONE,NOT CODED,NOT CODED,NONE,NOT CODED,NOT CODED,11 PEDALCYCLE,77 OTHER (SEE NARRATIVE),05 TURNING RIGHT,RAN RED LIGHT,NOT CODED,00 NOT CODED,00 NOT CODED,00 NOT CODED,00 NOT CODED,01 NO,1,0,0,0,1,1,1,3,N,N,N,Y,N,N,N,N,N,N,N,N,N,Y,Y,N,N,N,N,N,N,N,N,N,N,N,28.538729777,-81.343345031,466410.721083,3156930.659266,O,,ARBM15Q1R2,"January 7, 2023",3284795,-9055100.093114117,3317067.326748913
2021244255540,2021,244255540,2021-00237528,COUNTY SHERIFF'S OFFICE,05 FIFTH,ORANGE,"July 17, 2021",1022,SUNDAY,7546 ORLANDO,0746,Y,VIRGINIA DR,SR 600,0.005,W,0,0,28.5639944,-81.364451,75030000,3.373,00950,SR 15,US 17,T SIDE RD LEFT,C CROSSWALK,E EAST,21 URBAN 4-5LN 2WY DIVD PAVD,05 LOCAL,02 INTERSECTION,01 ON ROADWAY,02 FOUR-WAY INTERSECTION,01 PAVED,39,"March 1, 2020",14 URBAN PRIN ART OTHER,22,CURB&GUTTER,2,,0,,0,22,27000,RCI,2.7,,35,4 INCAPACITATING INJURY,31 Q/C COMPLETED - LOC VERIFIED,0 NO,02 AT INTERSECTION,01 DAYLIGHT,01 CLEAR,01 DRY,01 LEVEL,1 STRAIGHT,,"TWO-WAY, NOT DIVIDED",NOT CODED,TRAFFIC CONTROL SIGNAL,4,NONE,NOT CODED,NOT CODED,NONE,NOT CODED,NOT CODED,10 PEDESTRIAN,77 OTHER (SEE NARRATIVE),01 STRAIGHT AHEAD,NOT CODED,NO CONTRIBUTING ACTION,00 NOT CODED,00 NOT CODED,00 NOT CODED,00 NOT CODED,01 NO,1,0,1,1,1,0,1,2,N,N,N,Y,N,N,N,N,N,N,N,N,Y,N,Y,N,N,N,N,N,N,N,N,N,N,N,28.56399084,-81.364446895,464354.829138,3159735.305543,C,,ARBM15Q1R2,"January 7, 2023",3285971,-9057449.14272655,3320268.698041307
2021240733570,2021,240733570,2021-00092403,COUNTY SHERIFF'S OFFICE,05 FIFTH,ORANGE,"March 19, 2021",1320,SATURDAY,7546 ORLANDO,0746,Y,VALENCIA COMMUNITY COLL,KIRKMAN RD S,0.005,E,0,0,28.5224603,-81.459197,75270000,5.029,04707,SR 435,,S SIDE RD RIGHT,C CROSSWALK,W WEST,33 SUBURBAN 6+LN 2WY DIVD RASD,05 LOCAL,02 INTERSECTION,01 ON ROADWAY,02 FOUR-WAY INTERSECTION,01 PAVED,28,"March 14, 2017",14 URBAN PRIN ART OTHER,34,PAVED,7,LAWN,12,,0,40,49000,RCI,2.8,,50,4 INCAPACITATING INJURY,31 Q/C COMPLETED - LOC VERIFIED,0 NO,02 AT INTERSECTION,01 DAYLIGHT,01 CLEAR,01 DRY,01 LEVEL,1 STRAIGHT,,"TWO-WAY, NOT DIVIDED",NOT CODED,TRAFFIC CONTROL SIGNAL,6,NONE,NOT CODED,NOT CODED,NONE,NOT CODED,NOT CODED,14 MOTOR VEHICLE IN TRANSPORT,03 ANGLE,05 TURNING RIGHT,NOT CODED,NO CONTRIBUTING ACTION,00 NOT CODED,00 NOT CODED,00 NOT CODED,00 NOT CODED,01 NO,1,0,1,0,1,1,1,3,N,N,N,Y,N,N,N,N,N,N,N,N,N,Y,Y,N,N,N,N,N,N,N,N,N,N,N,28.522651634,-81.459069554,455082.514068,3155187.306641,R,,ARBM15Q1R2,"January 7, 2023",3286483,-9067982.491813278,3315030.1195265097
2021244246660,2021,244246660,2021-00267615,COUNTY SHERIFF'S OFFICE,05 FIFTH,ORANGE,"August 12, 2021",0230,FRIDAY,7546 ORLANDO,0746,Y,I 4,PAR ST E,0.095,S,0,0,28.5807108,-81.3750392,75280000,20.312,00419,SR 400,I 4,R RIGHT,1 THRU LANE 1,0,01 INTERSTATE URBAN,01 INTERSTATE,01 NON-JUNCTION,01 ON ROADWAY,01 NOT AT INTERSECTION,01 PAVED,25,"September 16, 2014",11 URBAN PRIN ART INT.,60,PAVED,10,LAWN,2,,0,12,136500,RCI,7.5,,50,4 INCAPACITATING INJURY,31 Q/C COMPLETED - LOC VERIFIED,0 NO,01 NOT AT INTERSECTION/RRX/BRIDGE,04 DARK-LIGHTED,01 CLEAR,01 DRY,00 NOT CODED,0 NOT CODED,NOT CODED,"TWO-WAY, DIVIDED, POSITIVE MED",NOT CODED,NO CONTROLS,10,WORK ZONE (CONST/MNT/UTLTY)NTE,NOT CODED,NOT CODED,NONE,NOT CODED,NOT CODED,14 MOTOR VEHICLE IN TRANSPORT,01 FRONT TO REAR,00 NOT CODED,NOT CODED,NO CONTRIBUTING ACTION,04 ACTIVITY AREA,01 LANE CLOSURE,02 YES,01 NO,01 NO,5,0,2,4,1,0,2,5,N,Y,N,N,Y,N,N,N,N,N,N,N,Y,N,Y,N,N,N,N,N,N,N,N,N,N,N,28.58072443,-81.375020588,463326.451742,3161592.339107,R,,ARBM15Q1R2,"January 7, 2023",3286626,-9058626.201219834,3322389.793393427
2021244260740,2021,244260740,2021-00342443,COUNTY SHERIFF'S OFFICE,05 FIFTH,ORANGE,"October 12, 2021",0620,WEDNESDAY,7546 ORLANDO,0746,Y,KIRKMAN RD S,METROPOLIS WAY,0.028,N,0,0,28.5177666,-81.4591418,75270000,4.708,03361,SR 435,,M MEDIAN,M MIDDLE,S SOUTH,33 SUBURBAN 6+LN 2WY DIVD RASD,03 STATE,04 DRIVEWAY/ALLEY ACCESS RELATED,01 ON ROADWAY,03 T-INTERSECTION,01 PAVED,28,"March 14, 2017",14 URBAN PRIN ART OTHER,34,PAVED,7,LAWN,12,,0,40,49000,RCI,2.8,,50,4 INCAPACITATING INJURY,31 Q/C COMPLETED - LOC VERIFIED,0 NO,01 NOT AT INTERSECTION/RRX/BRIDGE,04 DARK-LIGHTED,01 CLEAR,01 DRY,01 LEVEL,1 STRAIGHT,"TWO-WAY, DIVIDED, POSITIVE MED",,NO CONTROLS,NOT CODED,6,NONE,NOT CODED,NOT CODED,NONE,NOT CODED,NOT CODED,10 PEDESTRIAN,77 OTHER (SEE NARRATIVE),01 STRAIGHT AHEAD,NO CONTRIBUTING ACTION,NOT CODED,00 NOT CODED,00 NOT CODED,00 NOT CODED,00 NOT CODED,01 NO,1,0,1,1,1,0,1,3,N,N,N,N,Y,N,N,N,N,N,N,N,Y,N,Y,N,N,N,N,N,N,N,N,N,N,N,28.517981688,-81.459030013,455084.403971,3154669.929403,R,,ARBM15Q1R2,"January 7, 2023",3286633,-9067978.090011768,3314438.464740349
2021244192520,2021,244192520,2021-00080322,COUNTY SHERIFF'S OFFICE,05 FIFTH,ORANGE,"March 8, 2021",1943,TUESDAY,7546 ORLANDO,0746,Y,ORANGE BLOSSOM TRL S,ANDERSON ST,0.009,S,0,0,28.5363645,-81.3971896,75010000,13.029,00569,SR 500,US 17,L LEFT,2 THRU LANE 2,0,20 URBAN 4-5LN 2WY DIVD RASD,02 U.S.,01 NON-JUNCTION,01 ON ROADWAY,01 NOT AT INTERSECTION,01 PAVED,35,"March 1, 2020",14 URBAN PRIN ART OTHER,24,CURB&GUTTER,2,,0,,0,18,35000,RCI,9.7,,35,4 INCAPACITATING INJURY,31 Q/C COMPLETED - LOC VERIFIED,0 NO,01 NOT AT INTERSECTION/RRX/BRIDGE,04 DARK-LIGHTED,01 CLEAR,01 DRY,00 NOT CODED,0 NOT CODED,"TWO-WAY, DIVIDED, POSITIVE MED",,NOT CODED,NOT CODED,4,NONE,NOT CODED,NOT CODED,NONE,NOT CODED,NOT CODED,14 MOTOR VEHICLE IN TRANSPORT,77 OTHER (SEE NARRATIVE),00 NOT CODED,NOT CODED,NOT CODED,00 NOT CODED,00 NOT CODED,00 NOT CODED,00 NOT CODED,01 NO,1,0,1,1,0,0,1,1,N,N,N,N,N,N,N,N,N,N,N,N,Y,N,Y,N,N,N,N,N,N,N,N,N,N,N,28.536375134,-81.397255458,461135.782762,3156686.084414,L,,ARBM15Q1R2,"January 7, 2023",3286670,-9061101.376141006,3316768.958302683
2021244221640,2021,244221640,2021-00176144,COUNTY SHERIFF'S OFFICE,05 FIFTH,ORANGE,"May 26, 2021",2232,THURSDAY,7546 ORLANDO,0746,Y,SEMORAN BLVD S,ST CHARLES PRADO RD,0.047,N,0,0,28.4911988,-81.3101747,75003000,2.767,02570,SR 436,,R RIGHT,2 THRU LANE 2,N NORTH,30 URBAN 6+LN 2WY DIVD RASD,03 STATE,01 NON-JUNCTION,01 ON ROADWAY,01 NOT AT INTERSECTION,01 PAVED,38,"March 2, 2020",14 URBAN PRIN ART OTHER,36,PAVED,4,CURB&GUTTER,2,,0,32,61000,RCI,8.6,,50,4 INCAPACITATING INJURY,31 Q/C COMPLETED - LOC VERIFIED,0 NO,01 NOT AT INTERSECTION/RRX/BRIDGE,04 DARK-LIGHTED,01 CLEAR,01 DRY,01 LEVEL,1 STRAIGHT,"TWO-WAY, DIVIDED, POSITIVE MED",,NO CONTROLS,NOT CODED,6,NONE,NOT CODED,NOT CODED,NONE,NOT CODED,NOT CODED,10 PEDESTRIAN,77 OTHER (SEE NARRATIVE),01 STRAIGHT AHEAD,NO CONTRIBUTING ACTION,NOT CODED,00 NOT CODED,00 NOT CODED,00 NOT CODED,00 NOT CODED,01 NO,1,0,1,1,1,0,1,4,N,N,N,N,N,N,N,N,N,N,N,N,Y,N,Y,N,N,N,N,N,N,N,N,N,N,N,28.491112365,-81.310089881,469650.445007,3151646.531493,R,,ARBM15Q1R2,"January 7, 2023",3286694,-9051398.145579675,3311034.7888522353
2021247440140,2021,247440140,2021-00410552,COUNTY SHERIFF'S OFFICE,05 FIFTH,ORANGE,"December 5, 2021",0701,MONDAY,7546 ORLANDO,0746,Y,SR 552,OXALIS AVE,0,,0,0,28.5204902,-81.3021266,75012000,1.813,02379,SR 552,,L LEFT,2 THRU LANE 2,W WEST,20 URBAN 4-5LN 2WY DIVD RASD,03 STATE,02 INTERSECTION,01 ON ROADWAY,02 FOUR-WAY INTERSECTION,03 CURB,36,"February 11, 2020",16 URBAN MINOR ART,22,CURB&GUTTER,2,,0,,0,22,32000,RCI,2.6,,45,2 POSSIBLE INJURY,31 Q/C COMPLETED - LOC VERIFIED,0 NO,02 AT INTERSECTION,03 DAWN,01 CLEAR,01 DRY,01 LEVEL,1 STRAIGHT,"TWO-WAY, DIVIDED, POSITIVE MED",,TRAFFIC CONTROL SIGNAL,NOT CODED,4,NONE,NOT CODED,NOT CODED,NONE,NOT CODED,NOT CODED,11 PEDALCYCLE,"04 SIDESWIPE, SAME DIRECTION",05 TURNING RIGHT,FAILED TO YIELD RIGHT-OF-WAY,NOT CODED,00 NOT CODED,00 NOT CODED,00 NOT CODED,00 NOT CODED,01 NO,1,0,0,0,1,1,1,2,N,N,N,Y,N,N,N,N,N,N,N,N,N,Y,Y,N,N,N,N,N,N,N,N,N,N,N,28.520530788,-81.302086269,470441.990618,3154903.63074,L,,ARBM15Q1R2,"January 7, 2023",3286791,-9050507.18742941,3314761.418048908
2021244273810,2021,244273810,2021-00290227,COUNTY SHERIFF'S OFFICE,05 FIFTH,ORANGE,"August 31, 2021",1140,WEDNESDAY,7546 ORLANDO,0746,Y,SR 527,MICHIGAN ST,0,,0,0,28.5135772,-81.3763168,75040000,12.033,01755,SR 527,,I INTERSECTION,M MIDDLE,U UNNWN,21 URBAN 4-5LN 2WY DIVD PAVD,03 STATE,02 INTERSECTION,01 ON ROADWAY,02 FOUR-WAY INTERSECTION,03 CURB,40,"October 27, 2020",14 URBAN PRIN ART OTHER,22,CURB&GUTTER,2,CURB&GUTTER,2,,0,21,35282,RCI,6.3,,40,3 NO-INCAPACITATING INJURY,31 Q/C COMPLETED - LOC VERIFIED,0 NO,02 AT INTERSECTION,01 DAYLIGHT,02 CLOUDY,01 DRY,01 LEVEL,1 STRAIGHT,"TWO-WAY, NOT DIVIDED",,TRAFFIC CONTROL SIGNAL,NOT CODED,4,NONE,NOT CODED,NOT CODED,NONE,NOT CODED,NOT CODED,11 PEDALCYCLE,03 ANGLE,01 STRAIGHT AHEAD,OTHER CONTRIBUTING ACTION,NOT CODED,00 NOT CODED,00 NOT CODED,00 NOT CODED,00 NOT CODED,01 NO,1,0,0,0,1,1,1,2,N,N,N,Y,N,N,N,N,N,N,N,N,N,Y,Y,N,N,N,N,N,N,N,N,N,N,N,28.513585402,-81.376326289,463175.418471,3154154.721709,C,,ARBM15Q1R2,"January 7, 2023",3288358,-9058771.550957683,3313881.5053372798
2021882269930,2021,882269930,FHPD21OFF073226,FLORIDA HIGHWAY PATROL,05 FIFTH,ORANGE,"September 12, 2021",0715,MONDAY,7546 ORLANDO,0746,N,SR 50,DEBORAH DR L,0.028,E,28.5683998,-81.2737819,28.5683027,-81.2731963,75060000,7.718,05167,SR 50,,L LEFT,1 THRU LANE 1,W WEST,30 URBAN 6+LN 2WY DIVD RASD,03 STATE,01 NON-JUNCTION,01 ON ROADWAY,01 NOT AT INTERSECTION,03 CURB,42,"September 9, 2019",14 URBAN PRIN ART OTHER,36,PAVED,4,CURB&GUTTER,2,,0,33,53500,RCI,4.3,,50,3 NO-INCAPACITATING INJURY,31 Q/C COMPLETED - LOC VERIFIED,0 NO,01 NOT AT INTERSECTION/RRX/BRIDGE,01 DAYLIGHT,02 CLOUDY,01 DRY,01 LEVEL,1 STRAIGHT,"TWO-WAY, DIVIDED, POSITIVE MED",,NO CONTROLS,NOT CODED,6,NONE,NOT CODED,NOT CODED,NONE,NOT CODED,NOT CODED,11 PEDALCYCLE,77 OTHER (SEE NARRATIVE),01 STRAIGHT AHEAD,OTHER CONTRIBUTING ACTION,NOT CODED,00 NOT CODED,00 NOT CODED,00 NOT CODED,00 NOT CODED,01 NO,1,0,0,0,1,1,1,2,N,N,N,N,N,N,N,N,N,N,Y,N,N,Y,Y,N,N,N,N,N,N,N,N,N,N,N,28.568394648,-81.273308844,473269.852765,3160199.460517,L,,ARBM15Q1R2,"January 7, 2023",3288529,-9047303.698295547,3320826.8779503256
2021884575640,2021,884575640,FHPD21OFF011323,FLORIDA HIGHWAY PATROL,05 FIFTH,ORANGE,"February 14, 2021",0643,MONDAY,7546 ORLANDO,0746,N,DORSCHER RD,SR 50,0.028,S,28.5521299,-81.4842,28.5520209,-81.4841343,75050000,10.596,05028,SR 50,,S SIDE RD RIGHT,1 THRU LANE 1,N NORTH,30 URBAN 6+LN 2WY DIVD RASD,05 LOCAL,01 NON-JUNCTION,01 ON ROADWAY,01 NOT AT INTERSECTION,03 CURB,43,"July 27, 2021",14 URBAN PRIN ART OTHER,36,PAVED,4,CURB&GUTTER,2,,0,30,43000,RCI,4.7,,45,4 INCAPACITATING INJURY,31 Q/C COMPLETED - LOC VERIFIED,0 NO,03 INFLUENCED BY INTERSECTION,04 DARK-LIGHTED,02 CLOUDY,01 DRY,01 LEVEL,1 STRAIGHT,"TWO-WAY, NOT DIVIDED",,NO CONTROLS,NOT CODED,6,NONE,NOT CODED,NOT CODED,NONE,NOT CODED,NOT CODED,10 PEDESTRIAN,77 OTHER (SEE NARRATIVE),01 STRAIGHT AHEAD,NO CONTRIBUTING ACTION,NOT CODED,00 NOT CODED,00 NOT CODED,00 NOT CODED,00 NOT CODED,01 NO,1,0,1,1,1,0,1,2,N,N,N,Y,N,N,N,N,N,N,N,N,Y,N,Y,N,N,N,N,N,N,N,N,N,N,N,28.55190503,-81.484168869,452639.733635,3158437.826405,R,,ARBM15Q1R2,"January 7, 2023",3288573,-9070776.535717083,3318736.9494002447